0223-0290-CHINA,SPP2929,1,76.9,F T,F T,GLASSES,,18042552097
0223-0290-CHINA,SPP2929,1,75,F T,F T,GLASSES,,
0223-0290-CHINA,SPP2929,1,82.1,F T,F T,GLASSES,,
0223-0290-CHINA,SPP4197,1,83.6,F T,F T,GLASSES,,
0223-0290-CHINA,SPP4198,1,84,F T,F T,GLASSES,,12918400480
0223-0290-CHINA,SPP4199,1,72.6,F T,F T,GLASSES,,
0223-0290-CHINA,SPP026,1,71.55,F T,F T,GLASSES,,18022304816
0223-0290-CHINA,SPP026,1,74.8,F T,F T,GLASSES,,13138669491
0223-0290-CHINA,SPP1001,1,42.5,CSL2372,CSL2372,SUNGLASS,,15018468829
0223-0290-CHINA,SPP001,1,38,DEAR BD,DEAR BD,ARTIFICIAL FLOWER,,
0223-0290-CHINA,,1,,CSL MD NESAR UDDIN,CSL MD NESAR UDDIN,SLIPPER,,
0223-0290-CHINA,,1,,RSL AIR RAZAUL PRODIP,RSL AIR RAZAUL PRODIP,BLAZER,,
0223-0290-CHINA,,1,,DEAR BD,DEAR BD,STICKER,,
0223-0290-CHINA,,1,,DEAR BD,DEAR BD,BAG,,7.73E+14
0223-0290-CHINA,,1,,AASIF TALUKDER,AASIF TALUKDER,MODULAR,,JT3022623201173
0223-0290-CHINA,,1,,DEAR BD,DEAR BD,PLASTIC BOX,,7.86E+13
0223-0290-CHINA,,1,,DEAR BD,DEAR BD,ARTIFICIAL FLOWER,,7.73E+14
0223-0290-CHINA,,1,,JTI RAHMAN BIPLOB,JTI RAHMAN BIPLOB,RUBBER PLUG,,DPK300699635121
0223-0290-CHINA,,1,,DEAR BD,DEAR BD,KEY MARK,,7.87E+13
0223-0290-CHINA,,1,,DEAR BD,DEAR BD,COTE CAT PAW RUBBER,,4.33E+14
0223-0290-CHINA,,1,,DEAR BD,DEAR BD,NOTE PAD,,JT3022685718671
0223-0290-CHINA,,1,,DEAR BD,DEAR BD,NOTE PAD,,JT3022685433100
0223-0290-CHINA,,1,,UMBD,UMBD,PROXIMITY SWITCH,,7.87E+13
0223-0290-CHINA,,1,,DEAR BD,DEAR BD,PACKING BOTTLE,,SF1436131663353
0223-0290-CHINA,,1,,DEAR BD,DEAR BD,BOTTLE,,7.87E+13
0223-0290-CHINA,,1,,DEAR BD,DEAR BD,MINI PEN,,7.87E+13
0223-0290-CHINA,,1,,DEAR BD,DEAR BD,NECKLACE,,7.87E+13
0223-0290-CHINA,,1,,DEAR BD,DEAR BD,FOOD CLIP,,7.87E+13
0223-0290-CHINA,,1,,DEAR BD,DEAR BD,DRESS,,
0223-0290-CHINA,SPP002,1,27,SKY10588(13 DRESS),SKY10588(13 DRESS),DRESS,,
0223-0290-CHINA,,1,,SKY10548(80 JEWELLERY),SKY10548(80 JEWELLERY),JEWELLERY,,
0223-0290-CHINA,,1,,SKY10631(190 LED LIGHT),SKY10631(190 LED LIGHT),LED LIGHT,,
0223-0290-CHINA,,1,,SKY10057(200 PLASTIC HOOK),SKY10057(200 PLASTIC HOOK),PLASTIC HOOK,,
0223-0290-CHINA,,1,,SKY10606(60 JEWELLERY),SKY10606(60 JEWELLERY),JEWELLERY,,233487197
0223-0290-CHINA,,1,,SKY10686(12 PLASTIC BOX),SKY10686(12 PLASTIC BOX),PLASTIC BOX,,
0223-0290-CHINA,,1,,SKY10438(180 PLASTIC COVER),SKY10438(180 PLASTIC COVER),PLASTIC COVER,,
0223-0290-CHINA,,1,,SKY10563(7 JEWELRY),SKY10563(7 JEWELRY),JEWELRY,,
0223-0290-CHINA,,1,,SKY10516(19 RUBBER HOOK),SKY10516(19 RUBBER HOOK),RUBBER HOOK,,
0223-0290-CHINA,,1,,SKY10516(19 RUBBER HOOK),SKY10516(19 RUBBER HOOK),RUBBER HOOK,,
0223-0290-CHINA,,1,,SKY10512(145 LED LIGHT),SKY10512(145 LED LIGHT),LED LIGHT,,
0223-0290-CHINA,,1,,SKY10447(100 MOTOR PARTS),SKY10447(100 MOTOR PARTS),MOTOR PARTS,,
0223-0290-CHINA,,1,,SKY10643(9 BAG),SKY10643(9 BAG),BAG,,
0223-0290-CHINA,,1,,SKY10669(30 PLASTIC BOX),SKY10669(30 PLASTIC BOX),PLASTIC BOX,,
0223-0290-CHINA,,1,,ONRUSH SHOVON,ONRUSH SHOVON,T SHIRT,,13711921903
0223-0290-CHINA,,1,,SKY10579(15 STICKER BOX),SKY10579(15 STICKER BOX),PLASTIC BOX,,
0223-0290-CHINA,,1,,SKY10639(7 DRESS),SKY10639(7 DRESS),DRESS,,
0223-0290-CHINA,SPP003,1,18.5,SKY10565(10 SHOES),SKY10565(10 SHOES),SHOES,,
0223-0290-CHINA,,1,,SKY10781(50 PLASTIC WIRE),SKY10781(50 PLASTIC WIRE),PLASTIC WIRE,,
0223-0290-CHINA,,1,,SKY10597(72 UNDERWEAR),SKY10597(72 UNDERWEAR),UNDERWEAR,,
0223-0290-CHINA,,1,,SKY10583(7 SCARF),SKY10583(7 SCARF),SCARF,,
0223-0290-CHINA,,1,,SKY10547(50 JEWELRY),SKY10547(50 JEWELRY),JEWELRY,,
0223-0290-CHINA,,1,,SKY10342(3 BAG),SKY10342(3 BAG),BAG,,
0223-0290-CHINA,,1,,SKY10177(15 BAG),SKY10177(15 BAG),BAG,,2.02E+11
0223-0290-CHINA,,1,,SKY10668(100 HEAD GLOVES),SKY10668(100 HEAD GLOVES),HEAD GLOVES,,
0223-0290-CHINA,,1,,SKYBUY AFRIN,SKYBUY AFRIN,T SHIRT,,
0223-0290-CHINA,SPP004,1,14,SKY10667(100 KITCHEN TOWEL),SKY10667(100 KITCHEN TOWEL),KITCHEN TOWEL,,
0223-0290-CHINA,,1,,SKY10601(33 LED LIGHT),SKY10601(33 LED LIGHT),LED LIGHT,,
0223-0290-CHINA,,1,,SKY10361(3 BAG),SKY10361(3 BAG),BAG,,
0223-0290-CHINA,,1,,SKY10178(10 BAG),SKY10178(10 BAG),BAG,,
0223-0290-CHINA,,1,,SKY10390(7JEWELRY),SKY10390(7JEWELRY),JEWELRY,,
0223-0290-CHINA,,1,,SKY10532(24 JEWELRY),SKY10532(24 JEWELRY),JEWELRY,,
0223-0290-CHINA,,1,,SKY10545(24 JEWELRY),SKY10545(24 JEWELRY),JEWELRY,,
0223-0290-CHINA,,1,,SKY10600(12 JEWELRY),SKY10600(12 JEWELRY),JEWELRY,,
0223-0290-CHINA,,1,,SKY10591(36 JEWELRY),SKY10591(36 JEWELRY),JEWELRY,,
0223-0290-CHINA,,1,,SKY10533(24 JEWELRY),SKY10533(24 JEWELRY),JEWELRY,,
0223-0290-CHINA,,1,,SKY10535(24 JEWELRY),SKY10535(24 JEWELRY),JEWELRY,,3.01E+11
0223-0290-CHINA,,1,,SKY10540(24 JEWELRY),SKY10540(24 JEWELRY),JEWELRY,,
0223-0290-CHINA,,1,,SKY10541(24 JEWELRY),SKY10541(24 JEWELRY),JEWELRY,,
0223-0290-CHINA,,1,,SKY10534(24 JEWELRY),SKY10534(24 JEWELRY),JEWELRY,,
0223-0290-CHINA,,1,,SKY10562(6 JEWELRY),SKY10562(6 JEWELRY),JEWELRY,,
0223-0290-CHINA,,1,,SKY10590(100 JEWELRY),SKY10590(100 JEWELRY),JEWELRY,,
0223-0290-CHINA,,1,,SKY10564(3 JEWELRY),SKY10564(3 JEWELRY),JEWELRY,,
0223-0290-CHINA,,1,,SKY10483(33 PLASTIC HOOK),SKY10483(33 PLASTIC HOOK),PLASTIC HOOK,,
0223-0290-CHINA,,1,,SKY10677(19),SKY10677(19),PLASTIC BOX,,
0223-0290-CHINA,,1,,SKYJAHAN9.6(1 DRESS),SKYJAHAN9.6(1 DRESS),DRESS,,
0223-0290-CHINA,,1,,SKY10493(13 SCARF),SKY10493(13 SCARF),SCARF,,
0223-0290-CHINA,SPP005,1,9.5,ONRUSH SHOVON,ONRUSH SHOVON,BAG,,
0223-0290-CHINA,,1,,SKY10581(72 PLASTIC HOOK),SKY10581(72 PLASTIC HOOK),PLASTIC HOOK,,
0223-0290-CHINA,,1,,SKY10357(4 BAG),SKY10357(4 BAG),BAG,,
0223-0290-CHINA,,1,,SKY10519(3 PLASTIC BOX),SKY10519(3 PLASTIC BOX),PLASTIC BOX,,
0223-0290-CHINA,,1,,ONRUSH SHOVON,ONRUSH SHOVON,T SHIRT,,
0223-0290-CHINA,,1,,ONRUSH SHOVON,ONRUSH SHOVON,T SHIRT,,
0223-0290-CHINA,,1,,ONRUSH SHOVON,ONRUSH SHOVON,T SHIRT,,
0223-0290-CHINA,,1,,ONRUSH SHOVON,ONRUSH SHOVON,T SHIRT,,
0223-0290-CHINA,SPP006,1,13.5,SKYASIF(4 PARTS),SKYASIF(4 PARTS),PARTS,,
0223-0290-CHINA,,1,,SKYTN4(8 BAG),SKYTN4(8 BAG),BAG,,
0223-0290-CHINA,,1,,ONEANIK(1 PLASTIC BOX),ONEANIK(1 PLASTIC BOX),PLASTIC BOX,,
0223-0290-CHINA,,1,,SKY10359(3 BAG),SKY10359(3 BAG),BAG,,
0223-0290-CHINA,,1,,SKY10595(50 JEWELRY),SKY10595(50 JEWELRY),JEWELRY,,
0223-0290-CHINA,,1,,SKY10769(100 PLASTIC HOOK),SKY10769(100 PLASTIC HOOK),PLASTIC HOOK,,
0223-0290-CHINA,,1,,SKY10561(7 JEWELRY),SKY10561(7 JEWELRY),JEWELRY,,
0223-0290-CHINA,,1,,SKY10530(10 JEWELRY),SKY10530(10 JEWELRY),JEWELRY,,
0223-0290-CHINA,,1,,ONRUSH SHOVON,ONRUSH SHOVON,T SHIRT,,
0223-0290-CHINA,SPP007,1,20,SKY10778(20 PLASTIC HOOK),SKY10778(20 PLASTIC HOOK),PLASTIC HOOK,,
0223-0290-CHINA,,1,,SKY10638(7 HEADBAND),SKY10638(7 HEADBAND),HEADBAND,,
0223-0290-CHINA,,1,,SKY9402(75 NAIL STICKER),SKY9402(75 NAIL STICKER),NAIL STICKER,,
0223-0290-CHINA,,1,,SKY10569(126 STICKER),SKY10569(126 STICKER),STICKER,,
0223-0290-CHINA,,1,,SKY10770(100 PLASTIC BELT),SKY10770(100 PLASTIC BELT),PLASTIC BELT,,
0223-0290-CHINA,,1,,SKY10682(60 STICKER),SKY10682(60 STICKER),STICKER,,
0223-0290-CHINA,,1,,SKY10360(4 BAG),SKY10360(4 BAG),BAG,,
0223-0290-CHINA,,1,,SKY10085(200 PLASTIC HOOK),SKY10085(200 PLASTIC HOOK),PLASTIC HOOK,,
0223-0290-CHINA,,1,,ONRUSH SHOVON,ONRUSH SHOVON,T SHIRT,,
0223-0290-CHINA,,1,,ONRUSH SHOVON,ONRUSH SHOVON,T SHIRT,,
0223-0290-CHINA,,1,,SKY10663(50 STICKER),SKY10663(50 STICKER),STICKER,,
0223-0290-CHINA,,1,,SKY10586(9 GLOVES),SKY10586(9 GLOVES),GLOVES,,
0223-0290-CHINA,SPP008,1,21,SKY10171(20 BAG),SKY10171(20 BAG),BAG,,
0223-0290-CHINA,,1,,SKY10168(18 BAG),SKY10168(18 BAG),BAG,,
0223-0290-CHINA,,1,,SKY10280(150 PLASTIC HOOK),SKY10280(150 PLASTIC HOOK),PLASTIC HOOK,,
0223-0290-CHINA,,1,,SKY10280(150 PLASTIC HOOK),SKY10280(150 PLASTIC HOOK),PLASTIC HOOK,,
0223-0290-CHINA,,1,,ONRUSH FA,ONRUSH FA,JEWELRY,,8.88E+11
0223-0290-CHINA,,1,,SKY10663(50 STICKER),SKY10663(50 STICKER),STICKER,,15728419303
0223-0290-CHINA,,1,,SKY10662(10),SKY10662(10),PLASTIC BOX,,
0223-0290-CHINA,,1,,SKY10754(70 JEWELRY),SKY10754(70 JEWELRY),JEWELRY,,
0223-0290-CHINA,,1,,SKY10494(14 SCARF),SKY10494(14 SCARF),SCARF,,
0223-0290-CHINA,,1,,SKY10746(10 PLASTIC HOOK),SKY10746(10 PLASTIC HOOK),PLASTIC HOOK,,
0223-0290-CHINA,,1,,SKY10592(7 JEWELRY),SKY10592(7 JEWELRY),JEWELRY,,
0223-0290-CHINA,,1,,SKY10515(8 UNDERWEAR),SKY10515(8 UNDERWEAR),UNDERWEAR,,
0223-0290-CHINA,,1,,SKY10603(3 SHOES),SKY10603(3 SHOES),SHOES,,
0223-0290-CHINA,SPP009,1,15,SKY10509(51 PLASTIC HOOK),SKY10509(51 PLASTIC HOOK),PLASTIC HOOK,,
0223-0290-CHINA,,1,,SKY10442(12 PLASTIC BOX),SKY10442(12 PLASTIC BOX),PLASTIC BOX,,
0223-0290-CHINA,,1,,SKY10336(16 PLASTIC BOX),SKY10336(16 PLASTIC BOX),PLASTIC BOX,,4.33E+14
0223-0290-CHINA,,1,,SKY10041(25 BELT),SKY10041(25 BELT),BELT,,4.33E+14
0223-0290-CHINA,,1,,SKY10521(25 PLASTIC BOX),SKY10521(25 PLASTIC BOX),PLASTIC BOX,,4.33E+14
0223-0290-CHINA,,1,,SKY10024(10 SHOES),SKY10024(10 SHOES),SHOES,,4.33E+14
0223-0290-CHINA,,1,,SKY10060(50),SKY10060(50),PLASTIC BOX,,1.88E+11
0223-0290-CHINA,,1,,SKY10440(6 PLASTIC COVER),SKY10440(6 PLASTIC COVER),PLASTIC COVER,,4.33E+14
0223-0290-CHINA,,1,,SKY10679(20 MOTOR PARTS),SKY10679(20 MOTOR PARTS),MOTOR PARTS,,KY4000105068440
0223-0290-CHINA,,1,,SKY10674(40 JEWELRY),SKY10674(40 JEWELRY),JEWELRY,,7.83E+13
0223-0290-CHINA,SPP010,1,12,SKY10762(20 STICKER SET),SKY10762(20 STICKER SET),STICKER SET,,7.83E+13
0223-0290-CHINA,,1,,SKY10471(10 PLASTIC BOX),SKY10471(10 PLASTIC BOX),PLASTIC BOX,,7.86E+13
0223-0290-CHINA,,1,,SKY10612(4 PLASTIC BOX),SKY10612(4 PLASTIC BOX),PLASTIC BOX,,7.32E+13
0223-0290-CHINA,,1,,SKY10486(4 MAT),SKY10486(4 MAT),MAT,,7.32E+13
0223-0290-CHINA,,1,,SKY9431(100 JEWELRY),SKY9431(100 JEWELRY),JEWELRY,,JT3022683845044
0223-0290-CHINA,,1,,SKY10771(800 PLASTIC HOOK),SKY10771(800 PLASTIC HOOK),PLASTIC HOOK,,7.86E+13
0223-0290-CHINA,,1,,SKY8052(6 JEWELRY),SKY8052(6 JEWELRY),JEWELRY,,SF1142522150190
0223-0290-CHINA,,1,,SKY10647(130 JEWELRY),SKY10647(130 JEWELRY),JEWELRY,,7.87E+13
0223-0290-CHINA,,1,,SKYONE BNIK(1 SHOES),SKYONE BNIK(1 SHOES),SHOES,,7.87E+13
0223-0290-CHINA,SPP011,1,18,SKY10645(120 JEWELRY),SKY10645(120 JEWELRY),JEWELRY,,SF1501307446635
0223-0290-CHINA,,1,,SKY10649(21 PLASTIC BOX),SKY10649(21 PLASTIC BOX),PLASTIC BOX,,
0223-0290-CHINA,,1,,SKY10665(100 PLASTIC HOOK),SKY10665(100 PLASTIC HOOK),PLASTIC HOOK,,SF1436131937645
0223-0290-CHINA,,1,,SKY10765(100 PLASTIC HOOK),SKY10765(100 PLASTIC HOOK),PLASTIC HOOK,,JYM150028005352
0223-0290-CHINA,,1,,SKY10764(30 PLASTIC HOOK),SKY10764(30 PLASTIC HOOK),PLASTIC HOOK,,7.86E+13
0223-0290-CHINA,,1,,SKY10735(20 STICKER BOX),SKY10735(20 STICKER BOX),STICKER BOX,,SF1501174629890
0223-0290-CHINA,,1,,SKY10363(4 BAG),SKY10363(4 BAG),BAG,,7.87E+13
0223-0290-CHINA,,1,,ONRUSH SHOVON,ONRUSH SHOVON,T SHIRT,,7.87E+13
0223-0290-CHINA,,1,,SKY10485(4 MAT),SKY10485(4 MAT),MAT,,7.86E+13
0223-0290-CHINA,SPP012,1,13,SKYTN10(18 BAG),SKYTN10(18 BAG),BAG,,13328309037
0223-0290-CHINA,,1,,SKYTN10(18 BAG),SKYTN10(18 BAG),BAG,,
0223-0290-CHINA,,1,,SKYTN10(18 BAG),SKYTN10(18 BAG),BAG,,
0223-0290-CHINA,,1,,SKYTN10(18 BAG),SKYTN10(18 BAG),BAG,,
0223-0290-CHINA,,1,,SKY10752(35 PLASTIC BOX),SKY10752(35 PLASTIC BOX),PLASTIC BOX,,
0223-0290-CHINA,,1,,SKY10539(24 JEWELRY),SKY10539(24 JEWELRY),JEWELRY,,
0223-0290-CHINA,,1,,SKY10709(7 JEWELRY),SKY10709(7 JEWELRY),JEWELRY,,
0223-0290-CHINA,,1,,SKY10704(8 JEWELRY),SKY10704(8 JEWELRY),JEWELRY,,
0223-0290-CHINA,,1,,SKY10607(50 JEWELRY),SKY10607(50 JEWELRY),JEWELRY,,
0223-0290-CHINA,,1,,SKY10589(8 JEWELRY),SKY10589(8 JEWELRY),JEWELRY,,
0223-0290-CHINA,,1,,SKY10513(7 UNDERWEAR SET),SKY10513(7 UNDERWEAR SET),UNDERWEAR SET,,13328309037
0223-0290-CHINA,,1,,SKY11004(8 PLASTIC BOX),SKY11004(8 PLASTIC BOX),PLASTIC BOX,,
0223-0290-CHINA,SPP013,1,13.5,SKYTN10(18 BAG),SKYTN10(18 BAG),BAG,,
0223-0290-CHINA,,1,,SKYTN10(18 BAG),SKYTN10(18 BAG),BAG,,
0223-0290-CHINA,,1,,SKY10684(48 STICKER),SKY10684(48 STICKER),STICKER,,
0223-0290-CHINA,,1,,SKY10788(57 UNDERWEAR),SKY10788(57 UNDERWEAR),UNDERWEAR,,
0223-0290-CHINA,,1,,SKY10315(100 UNDERWEAR),SKY10315(100 UNDERWEAR),UNDERWEAR,,
0223-0290-CHINA,,1,,SKY10673(10 PLASTIC BOX),SKY10673(10 PLASTIC BOX),PLASTIC BOX,,
0223-0290-CHINA,,1,,ONRUSH SHOVON,ONRUSH SHOVON,T SHIRT,,
0223-0290-CHINA,SPP014,1,16.5,SKY10749(12 BAG),SKY10749(12 BAG),BAG,,
0223-0290-CHINA,,1,,SKY10126(10 PLASTIC PACKAGE),SKY10126(10 PLASTIC PACKAGE),PLASTIC PACKAGE,,
0223-0290-CHINA,,1,,SKY10599(144 UNDERWEAR),SKY10599(144 UNDERWEAR),UNDERWEAR,,
0223-0290-CHINA,,1,,SKY10469(5 SCARF),SKY10469(5 SCARF),SCARF,,17502002131
0223-0290-CHINA,,1,,SKY10485(4 MAT),SKY10485(4 MAT),MAT,,
0223-0290-CHINA,,1,,SKY10767(100 WIRE CLIP),SKY10767(100 WIRE CLIP),WIRE CLIP,,
0223-0290-CHINA,,1,,SKY10618(113 JEWELRY),SKY10618(113 JEWELRY),JEWELRY,,
0223-0290-CHINA,SPP015,1,10,SKY10776(300 STICKER SET),SKY10776(300 STICKER SET),STICKER SET,,
0223-0290-CHINA,,1,,SKY10776(300 STICKER SET),SKY10776(300 STICKER SET),STICKER SET,,
0223-0290-CHINA,,1,,SKY10692(7 BAG),SKY10692(7 BAG),BAG,,
0223-0290-CHINA,,1,,SKY10507(3 PLASTIC BOX),SKY10507(3 PLASTIC BOX),PLASTIC BOX,,
0223-0290-CHINA,,1,,SKY10134(21 JEWELRY),SKY10134(21 JEWELRY),JEWELRY,,
0223-0290-CHINA,,1,,SKY10609(150 JEWELRY),SKY10609(150 JEWELRY),JEWELRY,,
0223-0290-CHINA,,1,,SKY10605(15 STICKER SET),SKY10605(15 STICKER SET),STICKER SET,,
0223-0290-CHINA,,1,,SKY10747(11 JEWELRY),SKY10747(11 JEWELRY),JEWELRY,,
0223-0290-CHINA,SPP016,1,17.5,SKY10776(300 STICKER SET),SKY10776(300 STICKER SET),STICKER SET,,
0223-0290-CHINA,,1,,SKY10776(300 STICKER SET),SKY10776(300 STICKER SET),STICKER SET,,
0223-0290-CHINA,,1,,SKYTN12(10 BAG),SKYTN12(10 BAG),BAG,,
0223-0290-CHINA,,1,,SKY10473(50 PLASTIC BOX),SKY10473(50 PLASTIC BOX),PLASTIC BOX,,
0223-0290-CHINA,,1,,SKY10481(80 PLASTIC BOX),SKY10481(80 PLASTIC BOX),PLASTIC BOX,,
0223-0290-CHINA,,1,,SKY10683(36 STICKER),SKY10683(36 STICKER),STICKER,,
0223-0290-CHINA,,1,,SKY10610(120 JEWELRY),SKY10610(120 JEWELRY),JEWELRY,,
0223-0290-CHINA,,1,,SKY10789(20 WALLET),SKY10789(20 WALLET),WALLET,,
0223-0290-CHINA,,1,,SKY10525(3 MOTOR PARTS),SKY10525(3 MOTOR PARTS),MOTOR PARTS,,
0223-0290-CHINA,SPP017,1,14.5,SKY10776(300 STICKER SET),SKY10776(300 STICKER SET),STICKER SET,,
0223-0290-CHINA,,1,,SKY10776(300 STICKER SET),SKY10776(300 STICKER SET),STICKER SET,,
0223-0290-CHINA,,1,,SKY10687(3 SHOES),SKY10687(3 SHOES),SHOES,,
0223-0290-CHINA,,1,,ONRUSH SHOVON,ONRUSH SHOVON,T SHIRT,,
0223-0290-CHINA,,1,,SKY10693(3 SHOES),SKY10693(3 SHOES),SHOES,,15521075609
0223-0290-CHINA,,1,,SKY10745(3 SHOES),SKY10745(3 SHOES),SHOES,,13609799467
0223-0290-CHINA,,1,,SKYJAHAN9.2(1 DRESS),SKYJAHAN9.2(1 DRESS),DRESS,,
0223-0290-CHINA,,1,,SKY10525(3 MOTOR PARTS),SKY10525(3 MOTOR PARTS),MOTOR PARTS,,
0223-0290-CHINA,SPP018,1,16.5,SKY10776(300 STICKER SET),SKY10776(300 STICKER SET),STICKER SET,,
0223-0290-CHINA,,1,,SKY10776(300 STICKER SET),SKY10776(300 STICKER SET),STICKER SET,,
0223-0290-CHINA,,1,,SKY10480(56 SCARF),SKY10480(56 SCARF),SCARF,,
0223-0290-CHINA,,1,,SKY10364(6 BAG),SKY10364(6 BAG),BAG,,
0223-0290-CHINA,SPP019,1,14.5,SKY10776(300 STICKER SET),SKY10776(300 STICKER SET),STICKER SET,,
0223-0290-CHINA,,1,,SKY10776(300 STICKER SET),SKY10776(300 STICKER SET),STICKER SET,,
0223-0290-CHINA,,1,,SKY10451(8 SHOES),SKY10451(8 SHOES),SHOES,,
0223-0290-CHINA,,1,,SKYTN17(8 BAG),SKYTN17(8 BAG),BAG,,18617119851
0223-0290-CHINA,,1,,SKY10525(3 MOTOR PARTS),SKY10525(3 MOTOR PARTS),MOTOR PARTS,,8.88E+11
0223-0290-CHINA,SPP020,1,14.5,SKY10728(13 PLASTIC BOX),SKY10728(13 PLASTIC BOX),PLASTIC BOX,,DPK202140463475
0223-0290-CHINA,,1,,SKY10785(120 PLASTIC HOOK),SKY10785(120 PLASTIC HOOK),PLASTIC HOOK,,
0223-0290-CHINA,,1,,SKY10748(13 BAG),SKY10748(13 BAG),BAG,,
0223-0290-CHINA,,1,,SKY10689(5 SHOES),SKY10689(5 SHOES),SHOES,,
0223-0290-CHINA,,1,,SKY10502(4 PLASTIC BOX),SKY10502(4 PLASTIC BOX),PLASTIC BOX,,
0223-0290-CHINA,,1,,SKY10786(50 UNDERWEAR),SKY10786(50 UNDERWEAR),UNDERWEAR,,
0223-0290-CHINA,SPP021,1,12.5,SKY10432(10 PLASTIC BOX),SKY10432(10 PLASTIC BOX),PLASTIC BOX,,
0223-0290-CHINA,,1,,SKY10492(6 TOWEL),SKY10492(6 TOWEL),TOWEL,,7.41E+13
0223-0290-CHINA,,1,,SKY9965(10 PLASTIC BOX),SKY9965(10 PLASTIC BOX),PLASTIC BOX,,DPK202140804584
0223-0290-CHINA,,1,,SKY10488(29 STICKER),SKY10488(29 STICKER),STICKER,,4.33E+14
,,,,SKY11033(4 PLASTIC BOX),SKY11033(4 PLASTIC BOX),PLASTIC BOX,,
,,,,ONRUSH SHOVON,ONRUSH SHOVON,BAG,,
,,,,SKYTN5(10 BAG),SKYTN5(10 BAG),BAG,,
,,,,ONRUSH SHOVON,ONRUSH SHOVON,T SHIRT,,
,,,,SKYTN5(10 BAG),SKYTN5(10 BAG),BAG,,
,,,,SKYTN5(10 BAG),SKYTN5(10 BAG),BAG,,
,,,,ONRUSH SHOVON,ONRUSH SHOVON,T SHIRT,,
,,,,SKY9661(5 UNDERWEAR),SKY9661(5 UNDERWEAR),UNDERWEAR,,
,SPP022,,24.5,ONRUSH SHOVON,ONRUSH SHOVON,DRESS,,
,,,,SKY9521(46 UNDERWEAR),SKY9521(46 UNDERWEAR),UNDERWEAR,,
,,,,SKYTN5(10 BAG),SKYTN5(10 BAG),BAG,,
,,,,SKY10641(3 BAG),SKY10641(3 BAG),BAG,,
,,,,SKY10790(23 UNDERWEAR),SKY10790(23 UNDERWEAR),UNDERWEAR,,
,,,,SKY10117(4 BAG),SKY10117(4 BAG),BAG,,
,,,,SKY9523(22 UNDERWEAR),SKY9523(22 UNDERWEAR),UNDERWEAR,,
,,,,SKYTN5(10 BAG),SKYTN5(10 BAG),BAG,,
,,,,SKY10556(60 SOCKS),SKY10556(60 SOCKS),SOCKS,,
,,,,SKY10664(40 PLASTIC HOOK),SKY10664(40 PLASTIC HOOK),PLASTIC HOOK,,
,,,,SKY10585(7 PLASTIC BOX),SKY10585(7 PLASTIC BOX),PLASTIC BOX,,
,,,,SKY10642(6 BAG),SKY10642(6 BAG),BAG,,
,,,,SKY10787(31 UNDERWEAR),SKY10787(31 UNDERWEAR),UNDERWEAR,,
,SPP023,,25,SKY10487(23 STICKER),SKY10487(23 STICKER),STICKER,,
,,,,SKY10505(19 PILLOW),SKY10505(19 PILLOW),PILLOW,,
,,,,SKY10734(120 STICKER BOX),SKY10734(120 STICKER BOX),STICKER BOX,,
,,,,ONRUSH SHOVON,ONRUSH SHOVON,T SHIRT,,
,,,,SKY10593(36 JEWELRY),SKY10593(36 JEWELRY),JEWELRY,,
,,,,SKY10594(78 UNDERWEAR),SKY10594(78 UNDERWEAR),UNDERWEAR,,
,,,,SKYBUY AFROZA,SKYBUY AFROZA,PLASTIC BOX,,
,,,,ONRUSH SHOVON,ONRUSH SHOVON,T SHIRT,,
,,,,ONRUSH SHOVON,ONRUSH SHOVON,BAG,,
,,,,SKY10514(15 JEWELRY),SKY10514(15 JEWELRY),JEWELRY,,
,,,,SKY10167(20 BAG),SKY10167(20 BAG),BAG,,
,SPP024,,37,SKY10246(40 STORAGE BAG),SKY10246(40 STORAGE BAG),STORAGE BAG,,
,,,,SKY10666(100 PLASTIC BOX),SKY10666(100 PLASTIC BOX),PLASTIC BOX,,
,,,,SKY10559(300 PLASTIC HOOK),SKY10559(300 PLASTIC HOOK),PLASTIC HOOK,,
,,,,SKY10644(13 BAG),SKY10644(13 BAG),BAG,,
,,,,SKY10808(100 STICKER),SKY10808(100 STICKER),STICKER,,
,,,,SKY10706(3 JEWELRY),SKY10706(3 JEWELRY),JEWELRY,,
,,,,SKY10806(100 STICKER SET),SKY10806(100 STICKER SET),STICKER SET,,
,,,,SKY10793(48 JEWELRY),SKY10793(48 JEWELRY),JEWELRY,,
,,,,SKY10699(2000 STICKER SET),SKY10699(2000 STICKER SET),STICKER SET,,
,,,,SKY10707(7 JEWELRY),SKY10707(7 JEWELRY),JEWELRY,,
,,,,SKY10630(20 JEWELRY),SKY10630(20 JEWELRY),JEWELRY,,
,,,,SKY10731(80 JEWELRY),SKY10731(80 JEWELRY),JEWELRY,,
,,,,SKY10621(18 JEWELRY),SKY10621(18 JEWELRY),JEWELRY,,
,,,,SKY9525(28 UNDERWEAR),SKY9525(28 UNDERWEAR),UNDERWEAR,,
,,,,SKYBUY,SKYBUY,ADASPPER,,
,,,,ONRUSH SHOVON,ONRUSH SHOVON,T SHIRT,,
,,,,SKY10316(90 UNDERWEAR),SKY10316(90 UNDERWEAR),UNDERWEAR,,
,,,,SKY10504(100 HEAD BAND),SKY10504(100 HEAD BAND),HEAD BAND,,
,,,,ONE163 ALAMIN(1 PLASTIC BOX),ONE163 ALAMIN(1 PLASTIC BOX),PLASTIC BOX,,
,,,,SKY10397(4 BAG),SKY10397(4 BAG),BAG,,
,,,,SKY10356(7 BAG),SKY10356(7 BAG),BAG,,
,,,,SKY9398(6 BAG),SKY9398(6 BAG),BAG,,
,,,,SKY10623(16 TAP),SKY10623(16 TAP),TAP,,
,SPP025,,31,SKY10180(40 BAG),SKY10180(40 BAG),BAG,,
,,,,SKY9524(23 UNDERWEAR),SKY9524(23 UNDERWEAR),UNDERWEAR,,
,,,,SKYONE(2 SHOES),SKYONE(2 SHOES),SHOES,,
,,,,SKY10681(7 SHOES),SKY10681(7 SHOES),SHOES,,
,,,,SKY10331(3 BAG),SKY10331(3 BAG),BAG,,
,,,,SKY10839(6 BAG),SKY10839(6 BAG),BAG,,
,,,,SKY10798(100 PLASTIC HOOK),SKY10798(100 PLASTIC HOOK),PLASTIC HOOK,,
,,,,SKY10846(63 JEWELRY),SKY10846(63 JEWELRY),JEWELRY,,
,,,,SKY10799(14 PLASTIC BOX),SKY10799(14 PLASTIC BOX),PLASTIC BOX,,
,,,,SKY10511(500 PLASTIC HOOK),SKY10511(500 PLASTIC HOOK),PLASTIC HOOK,,
,,,,ONRUSH SHOVON,ONRUSH SHOVON,T SHIRT,,
,,,,SKY10314(125 UNDERWEAR),SKY10314(125 UNDERWEAR),UNDERWEAR,,
,,,,SKY10599(144 UNDERWEAR),SKY10599(144 UNDERWEAR),UNDERWEAR,,
,SPP026,,36.5,DEAR BD,DEAR BD,PENCIL BOX,,
,,,,MISSION MAMUNOR RASHID,MISSION MAMUNOR RASHID,SCREW,,
,,,,DEAR BD,DEAR BD,DRESS,,
,,,,DEAR BD,DEAR BD,SIDED TAPE,,
,,,,DEAR BD,DEAR BD,MINI PEN,,
,,,,DEAR BD,DEAR BD,WALLET,,
,,,,DEAR BD,DEAR BD,STICKER,,
,,,,DEAR BD,DEAR BD,NECKLACE,,
,,,,DEAR BD,DEAR BD,SCREEN,,
,,,,DEAR BD,DEAR BD,CREAM BOX,,
,,,,DEAR BD,DEAR BD,NOTE PAD,,
,,,,MOKHLESUR REJAUL AIRPORT,MOKHLESUR REJAUL AIRPORT,CONTROLLER,,
,,,,DEAR BD,DEAR BD,FAKE NAIL GLUE,,
,,,,DEAR BD,DEAR BD,FAKE NAIL GLUE,,
,,,,DEAR BD,DEAR BD,PENCIL BAG,,
,,,,FARUK HOSEEN,FARUK HOSEEN,MODULAR,,
,,,,SHOYEB,SHOYEB,MODULAR,,
,,,,DEAR BD,DEAR BD,STICKER,,
,,,,DEAR BD,DEAR BD,HEAD BAND,,
,,,,DEAR BD,DEAR BD,BABY SHOES,,
,SPP027,,15,SKYBUY NIR ENTERPRISE,SKYBUY NIR ENTERPRISE,BOARD,,
,,,,SKY10648(20 PLASTIC BOX),SKY10648(20 PLASTIC BOX),PLASTIC BOX,,
,,,,SKY10648(20 PLASTIC BOX),SKY10648(20 PLASTIC BOX),PLASTIC BOX,,
,,,,SKY9393(8 BAG),SKY9393(8 BAG),BAG,,
,,,,SKY10797(1000 PLASTIC STICKER),SKY10797(1000 PLASTIC STICKER),PLASTIC STICKER,,
,,,,SKY10737(20 PLASTIC BOX),SKY10737(20 PLASTIC BOX),PLASTIC BOX,,
,,,,SKY10848(9 JEWELRY),SKY10848(9 JEWELRY),JEWELRY,,
,,,,SKY10550(13 PLASTIC BOARD),SKY10550(13 PLASTIC BOARD),PLASTIC BOARD,,
,,,,SKY10845(31 JEWLERY),SKY10845(31 JEWLERY),JEWELRY,,
,,,,SKY10891(20 PLASTIC WIRE),SKY10891(20 PLASTIC WIRE),PLASTIC WIRE,,
,SPP028,,17,SKY10737(20 PLASTIC BOX),SKY10737(20 PLASTIC BOX),PLASTIC BOX,,
,,,,SKY10648(20 PLASTIC BOX),SKY10648(20 PLASTIC BOX),PLASTIC BOX,,
,,,,SKY10648(20 PLASTIC BOX),SKY10648(20 PLASTIC BOX),PLASTIC BOX,,
,,,,SKY10732(250 JEWELRY),SKY10732(250 JEWELRY),JEWELRY,,
,,,,SKY10856(100 PLASTIC BOX),SKY10856(100 PLASTIC BOX),PLASTIC BOX,,
,,,,RED12.11(50 JEWELRY),RED12.11(50 JEWELRY),JEWELRY,,
,,,,SKY10896(10 JEWELRY),SKY10896(10 JEWELRY),JEWELRY,,
,,,,SKY10811(500 STICKER SET),SKY10811(500 STICKER SET),STICKER SET,,
,,,,SKY10484(18 SCARF),SKY10484(18 SCARF),SCARF,,
,,,,ONRUSH FA,ONRUSH FA,JEWELRY,,
,,,,SKY9874(21 LED LIGHT),SKY9874(21 LED LIGHT),LED LIGHT,,
,,,,SKY10851(10 JEWELRY),SKY10851(10 JEWELRY),JEWELRY,,
,SPP029,,20.5,SKY10814(80),SKY10814(80),PLASTIC BOX,,
,,,,SKY10103(10 PLASTIC BOX),SKY10103(10 PLASTIC BOX),PLASTIC BOX,,
,,,,SKY10813(9 BAG),SKY10813(9 BAG),BAG,,
,,,,ONRUSH SHOVON,ONRUSH SHOVON,T SHIRT,,
,,,,ONRUSH SHOVON,ONRUSH SHOVON,T SHIRT,,
,,,,SKY10774(12 PLASTIC BOX),SKY10774(12 PLASTIC BOX),PLASTIC BOX,,
,,,,SKY10815(4 BAG),SKY10815(4 BAG),BAG,,
,,,,SKY10629(60 JEWELRY),SKY10629(60 JEWELRY),JEWELRY,,
,,,,SKY10527(500 JEWELRY),SKY10527(500 JEWELRY),JEWELRY,,
,,,,SKY10529(100 JEWELRY),SKY10529(100 JEWELRY),JEWELRY,,
,,,,SKY10843(20 PLASTIC BOX),SKY10843(20 PLASTIC BOX),PLASTIC BOX,,
,,,,ONRUSH SHOVON,ONRUSH SHOVON,T SHIRT,,
,,,,ONRUSH SHOVON,ONRUSH SHOVON,T SHIRT,,
,SPP030,,15.5,SKY10695(5 BAG),SKY10695(5 BAG),BAG,,
,,,,SKY10837(4 BAG),SKY10837(4 BAG),BAG,,
,,,,SKY10636(240 HEAD BAND),SKY10636(240 HEAD BAND),HEAD BAND,,
,,,,SKY10840(5 MOTOR PARTS),SKY10840(5 MOTOR PARTS),MOTOR PARTS,,
,,,,SKY10690(20 HEADBAND),SKY10690(20 HEADBAND),HEAD BAND,,
,,,,SKY10678(22 JEWELRY),SKY10678(22 JEWELRY),JEWELRY,,
,,,,SKY10710(4 JEWELRY),SKY10710(4 JEWELRY),JEWELRY,,
,,,,SKYJAHAN9.3(1 SHOES),SKYJAHAN9.3(1 SHOES),SHOES,,
,,,,SKY10850(40 BAG),SKY10850(40 BAG),BAG,,
,,,,SKY10685(21 PLASTIC BOX),SKY10685(21 PLASTIC BOX),PLASTIC BOX,,
,,,,SKY10698(8 JEWELRY),SKY10698(8 JEWELRY),JEWELRY,,
,SPP031,,24,SKY10482(7 STICKER SET),SKY10482(7 STICKER SET),STICKER SET,,
,,,,SKY10903(10 BAG),SKY10903(10 BAG),BAG,,
,,,,SKY10338(40 DRESS),SKY10338(40 DRESS),DRESS,,
,,,,ONRUSH SHOVON,ONRUSH SHOVON,T SHIRT,,
,,,,SKY10955(4 PLASTIC HOOK),SKY10955(4 PLASTIC HOOK),PLASTIC HOOK,,
,,,,SKY10587(59 GLOVES),SKY10587(59 GLOVES),GLOVES,,
,,,,SKY10538(24 JEWELRY),SKY10538(24 JEWELRY),JEWELRY,,
,,,,SKYTN13(12 BAG),SKYTN13(12 BAG),BAG,,
,,,,SKYTN13(12 BAG),SKYTN13(12 BAG),BAG,,
,,,,SKY10524(8 STICKER),SKY10524(8 STICKER),STICKER,,
,,,,ONRUSH SHOVON,ONRUSH SHOVON,T SHIRT,,
,,,,SKY9541(4 BAG),SKY9541(4 BAG),BAG,,
,SPP032,,22.5,SKY10838(4 BAG),SKY10838(4 BAG),BAG,,
,,,,SKY10392(20 JEWELRY),SKY10392(20 JEWELRY),JEWELRY,,
,,,,SKY10792(14 JEWELRY),SKY10792(14 JEWELRY),JEWELRY,,
,,,,SKYTN7(10 BAG),SKYTN7(10 BAG),BAG,,
,,,,SKY10596(200 JEWELRY),SKY10596(200 JEWELRY),JEWELRY,,
,,,,SKY10517(1000 RUBBER ROPE),SKY10517(1000 RUBBER ROPE),RUBBER ROPE,,
,,,,SKY10906(22 SHOES),SKY10906(22 SHOES),SHOES,,
,,,,SKY10907(15 SHOES),SKY10907(15 SHOES),SHOES,,
,,,,SKYRAJIB(2 DRESS),SKYRAJIB(2 DRESS),DRESS,,
,,,,SKY10542(100 JEWELRY),SKY10542(100 JEWELRY),JEWELRY,,
,,,,SKYTN13(12 BAG),SKYTN13(12 BAG),BAG,,
,,,,SKY10934(7 PLASTIC HOOK SET),SKY10934(7 PLASTIC HOOK SET),PLASTIC HOOK SET,,
,SPP033,,21,DEAR BD,DEAR BD,SHOES,,
,,,,DEAR BD,DEAR BD,ELECTRICVEHICLE,,
,,,,DEAR BD,DEAR BD,NOTE PAD,,
,,,,DEAR BD,DEAR BD,NOTE PAD,,
,,,,DEAR BD,DEAR BD,BABY SHOES,,
,,,,DEAR BD,DEAR BD,FAKE NAIL GLUE,,
,,,,DEAR BD,DEAR BD,PLASTIC BOTTLE,,
,,,,DEAR BD,DEAR BD,BABY SHOES,,
,,,,DEAR BD,DEAR BD,FAKE NAIL,,
,,,,AASIF TALUKDER,AASIF TALUKDER,FUSE,,
,SPP034,,30,ONRUSH SHOVON,ONRUSH SHOVON,T SHIRT,,
,,,,ONRUSH SHOVON,ONRUSH SHOVON,T SHIRT,,
,,,,SKY10083(18 SHOES),SKY10083(18 SHOES),SHOES,,
,,,,SKY10083(18 SHOES),SKY10083(18 SHOES),SHOES,,
,,,,SKY10083(18 SHOES),SKY10083(18 SHOES),SHOES,,
,,,,SKY10083(18 SHOES),SKY10083(18 SHOES),SHOES,,
,,,,SKY10365(3 PLASTIC BOX),SKY10365(3 PLASTIC BOX),PLASTIC BOX,,
,,,,SKY10517(1000 RUBBER ROPE),SKY10517(1000 RUBBER ROPE),RUBBER ROPE,,
,,,,ONRUSH SHOVON,ONRUSH SHOVON,T SHIRT,,
,SPP035,,11.5,SKY10443(4 PLASTIC BOX),SKY10443(4 PLASTIC BOX),PLASTIC BOX,,
,,,,SKY10741(16 BAG),SKY10741(16 BAG),BAG,,
,,,,SKY9522(45 UNDERWEAR),SKY9522(45 UNDERWEAR),UNDERWEAR,,
,,,,SKY10954(18 PLASTIC STICKER),SKY10954(18 PLASTIC STICKER),PLASTIC STICKER,,
,,,,SKY10938(40 PLASTIC BOX),SKY10938(40 PLASTIC BOX),PLASTIC BOX,,
,,,,SKY10091(16 HEAD BAND),SKY10091(16 HEAD BAND),HEAD BAND,,
,,,,SKY11621(16 JEWELRY),SKY11621(16 JEWELRY),JEWELRY,,
,,,,SKY10844(4 JEWELRY),SKY10844(4 JEWELRY),JEWELRY,,
,SPP036,,22.5,SKY10948(3 PLASTIC BOX),SKY10948(3 PLASTIC BOX),PLASTIC BOX,,
,,,,SKY11062( (100 METAL HOOK)),SKY11062( (100 METAL HOOK)),METAL HOOK,,
,,,,SKY11065(100 PLASTIC HOOK),SKY11065(100 PLASTIC HOOK),PLASTIC HOOK,,
,,,,SKY12048(33 JEWELRY),SKY12048(33 JEWELRY),JEWELRY,,
,,,,SKY11623(24 STICKER),SKY11623(24 STICKER),STICKER,,
,,,,SKY10125(31),SKY10125(31),PLASTIC BOX,,
,,,,SKY10241(36 JEWELRY),SKY10241(36 JEWELRY),JEWELRY,,
,,,,SKY10389(22 JEWELRY),SKY10389(22 JEWELRY),JEWELRY,,
,,,,SKY11075(200 PLASTIC BOX),SKY11075(200 PLASTIC BOX),PLASTIC BOX,,
,,,,SKY10941(75 PLASTIC HOOK),SKY10941(75 PLASTIC HOOK),PLASTIC HOOK,,
,,,,SKY11065(100 PLASTIC HOOK),SKY11065(100 PLASTIC HOOK),PLASTIC HOOK,,
,,,,SKY11065(100 PLASTIC HOOK),SKY11065(100 PLASTIC HOOK),PLASTIC HOOK,,
,,,,SKY11085(100 PLASTIC HOOK),SKY11085(100 PLASTIC HOOK),PLASTIC HOOK,,
,,,,SKYBUY REZINA AKTER,SKYBUY REZINA AKTER,JEWELRY,,
,,,,SKY10661(25),SKY10661(25),PLASTIC BOX,,
,SPP037,,12.5,SKY12016(500 INSTRUMENT PARTS),SKY12016(500 INSTRUMENT PARTS),INSTRUMENT PARTS,,
,,,,SKY10773(6 PLASTIC BOX),SKY10773(6 PLASTIC BOX),PLASTIC BOX,,
,,,,SKY11084(100 PLASTIC HOOK),SKY11084(100 PLASTIC HOOK),PLASTIC HOOK,,
,,,,SKY10510(53 PLASTIC HOOK),SKY10510(53 PLASTIC HOOK),PLASTIC HOOK,,
,,,,SKY10943(96 PLASTIC HOOK),SKY10943(96 PLASTIC HOOK),PLASTIC HOOK,,
,,,,SKY11354(37 JEWELRY),SKY11354(37 JEWELRY),JEWELRY,,
,,,,SKY11078(50 PLASTIC HOOK),SKY11078(50 PLASTIC HOOK),PLASTIC HOOK,,
,SPP038,,15,SKY10772(10 MUG),SKY10772(10 MUG),MUG,,
,,,,SKY11065(100 PLASTIC HOOK),SKY11065(100 PLASTIC HOOK),PLASTIC HOOK,,
,,,,SKY11314(8 PLASTIC BOX),SKY11314(8 PLASTIC BOX),PLASTIC BOX,,
,,,,SKY10909(13 SHOES),SKY10909(13 SHOES),SHOES,,
,,,,SKY11338(10 PLASTIC BOX),SKY11338(10 PLASTIC BOX),PLASTIC BOX,,
,,,,SKY11751(100 STICKER SET),SKY11751(100 STICKER SET),STICKER SET,,
,,,,ONRUSH SHOVON,ONRUSH SHOVON,T SHIRT,,
,,,,ONRUSH SHOVON,ONRUSH SHOVON,T SHIRT,,
,,,,SKY11319(4 TOWEL),SKY11319(4 TOWEL),TOWEL,,
,,,,ONRUSH SHOVON,ONRUSH SHOVON,T SHIRT,,
,SPP3000,,10.5,SKYBUY SHAKRAN,SKYBUY SHAKRAN,TRANSISTOR,,
,SPP3001,,12.5,MISSION ANIKA,MISSION ANIKA,SHOES,,
,SPP3002,,11.5,MISSION ANIKA,MISSION ANIKA,SHOES,,
,SPP3003,,6,MISSION ANIKA,MISSION ANIKA,SHOES,,
,SPP3004,,3,SKY10766(15 PLASTIC HOOK),SKY10766(15 PLASTIC HOOK),PLASTIC HOOK,,
,SPP3005,,30,SKY10528(200 UNDERWEAR),SKY10528(200 UNDERWEAR),UNDERWEAR,,
,SPP3006,,9.5,SKY8700(3 PLASTIC BOX),SKY8700(3 PLASTIC BOX),PLASTIC BOX,,
,,,,SKY8700(3 PLASTIC BOX),SKY8700(3 PLASTIC BOX),PLASTIC BOX,,
,SPP3007,,7.5,BEC HAFIJUR,BEC HAFIJUR,RADIATOR ASSY,,
,SPP3008,,6.5,SONGY SHAD,SONGY SHAD,CHARGER,,
,SPP3009,,4,SKY8700(PLASTIC BOX),SKY8700(PLASTIC BOX),PLASTIC BOX,,
,SPP3010,,4,SKY10613(10 PLASTIC BOX),SKY10613(10 PLASTIC BOX),PLASTIC BOX,,
,SPP3012,,5.5,SKYGT,SKYGT,HELMRT BRACKET,,
,SPP3013,,18.5,KHOKON,KHOKON,POWER SUPPLY,,
,SPP3014,,11,SKY9910(60 BAG),SKY9910(60 BAG),BAG,,
,SPP3015,,15,SKY10782(100 UNDERWEAR),SKY10782(100 UNDERWEAR),UNDERWEAR,,
,SPP3016,,11,SKY10780(350 PLASTIC HOOK),SKY10780(350 PLASTIC HOOK),PLASTIC HOOK,,
,SPP3017,,3.5,SKY10768(30 PLASTIC BOX),SKY10768(30 PLASTIC BOX),PLASTIC BOX,,
,SPP3018,,22,MR SHUVO,MR SHUVO,ELECTRONIC COMPONENTS,,
,SPP3019,,15,SHOYEB,SHOYEB,TRIODE,,
,SPP3020,,30.5,PINTU FROM BANG,PINTU FROM BANG,CYLINDER ASSEMBLY,,
,SPP3021,,14,SKY10163(75 BAG),SKY10163(75 BAG),BAG,,
,SPP3022,,7,SKY10166(40 BAG),SKY10166(40 BAG),BAG,,
,SPP3023,,6.5,SKY10272(10 PLASTIC HOOK),SKY10272(10 PLASTIC HOOK),PLASTIC HOOK,,
,,,,SKY11305(18 PLASTIC BOX),SKY11305(18 PLASTIC BOX),PLASTIC BOX,,
,SPP3024,,14.5,SKY10078(12 SHOES),SKY10078(12 SHOES),SHOES,,
,,,,SKY10743(6 SHOES),SKY10743(6 SHOES),SHOES,,
,SPP3025,,4.5,SKY10244(4 MAT),SKY10244(4 MAT),MAT,,
,SPP3026,,9.5,SKY10381(38 BAG),SKY10381(38 BAG),BAG,,
,SPP3027,,10,RED27.4.1(50 BAG),RED27.4.1(50 BAG),BAG,,
,SPP3028,,16.5,SKY10779(300 PLASTIC BELT),SKY10779(300 PLASTIC BELT),PLASTIC BELT,,
,SPP3029,,16.5,SKY10779(300 PLASTIC BELT),SKY10779(300 PLASTIC BELT),PLASTIC BELT,,
,SPP3030,,7.5,SKY10508(30 PLATE),SKY10508(30 PLATE),PLATE,,
,SPP3031,,4.5,SKY10738(20 PLASTIC BOX),SKY10738(20 PLASTIC BOX),PLASTIC BOX,,
,SPP3032,,7.5,SHAHIL ABUL KASEM,SHAHIL ABUL KASEM,PLASTIC BOX,,
,SPP3033,,7.5,SHAHIL ABUL KASEM,SHAHIL ABUL KASEM,PLASTIC BOX,,
,SPP3034,,4.5,SKYBUY NIR HKIN23-005,SKYBUY NIR HKIN23-005,TEXTILE MACHINE PARTS,,
,SPP3035,,15,SKY10777(200 PLASTIC BOX),SKY10777(200 PLASTIC BOX),PLASTIC BOX,,
,SPP3036,,10.5,DEAR BD,DEAR BD,SHOES INSOLE,,
,SPP3037,,13,K K KHAJA MOTORS,K K KHAJA MOTORS,PISTON,,
,SPP3038,,13,K K KHAJA MOTORS,K K KHAJA MOTORS,PISTON,,
,SPP3039,,13,K K KHAJA MOTORS,K K KHAJA MOTORS,PISTON,,
,SPP3040,,13,K K KHAJA MOTORS,K K KHAJA MOTORS,PISTON,,
,SPP3041,,24,K K KHAJA MOTORS,K K KHAJA MOTORS,CYLINDER LINER,,
,SPP3042,,24,K K KHAJA MOTORS,K K KHAJA MOTORS,CYLINDER LINER,,
,SPP3043,,12,K K KHAJA MOTORS,K K KHAJA MOTORS,CYLINDER LINER,,
,SPP3044,,5,K K KHAJA MOTORS,K K KHAJA MOTORS,PACKING,,
,SPP3045,,4,MOKHLESUR REJAUL AIRPORT,MOKHLESUR REJAUL AIRPORT,SERVO DRIVE,,
,SPP3046,,4,MOKHLESUR REJAUL AIRPORT,MOKHLESUR REJAUL AIRPORT,SERVO DRIVE,,
,SPP3047,,10.5,MOKHLESUR REJAUL AIRPORT,MOKHLESUR REJAUL AIRPORT,SERVO MOTOR,,
,SPP3048,,10.5,MOKHLESUR REJAUL AIRPORT,MOKHLESUR REJAUL AIRPORT,SERVO MOTOR,,
,SPP3049,,5,MOKHLESUR REJAUL AIRPORT,MOKHLESUR REJAUL AIRPORT,SERVO DRIVE,,
,SPP3050,,3.5,MOKHLESUR REJAUL AIRPORT,MOKHLESUR REJAUL AIRPORT,SERVO DRIVE,,
,SPP3051,,3.5,MOKHLESUR REJAUL AIRPORT,MOKHLESUR REJAUL AIRPORT,SERVO DRIVE,,
,SPP3052,,3.5,MOKHLESUR REJAUL AIRPORT,MOKHLESUR REJAUL AIRPORT,SERVO DRIVE,,
,SPP3053,,3.5,MOKHLESUR REJAUL AIRPORT,MOKHLESUR REJAUL AIRPORT,SERVO DRIVE,,
,SPP3054,,3.5,MOKHLESUR REJAUL AIRPORT,MOKHLESUR REJAUL AIRPORT,SERVO DRIVE,,
,SPP3055,,3.5,MOKHLESUR REJAUL AIRPORT,MOKHLESUR REJAUL AIRPORT,SERVO DRIVE,,
,SPP3056,,3.5,MOKHLESUR REJAUL AIRPORT,MOKHLESUR REJAUL AIRPORT,SERVO DRIVE,,
,SPP3057,,3.5,MOKHLESUR REJAUL AIRPORT,MOKHLESUR REJAUL AIRPORT,SERVO DRIVE,,
,SPP3058,,3.5,MOKHLESUR REJAUL AIRPORT,MOKHLESUR REJAUL AIRPORT,SERVO DRIVE,,
,SPP3059,,3.5,MOKHLESUR REJAUL AIRPORT,MOKHLESUR REJAUL AIRPORT,SERVO DRIVE,,
,SPP3060,,3.5,MOKHLESUR REJAUL AIRPORT,MOKHLESUR REJAUL AIRPORT,SERVO DRIVE,,
,SPP3061,,8,MOKHLESUR REJAUL AIRPORT,MOKHLESUR REJAUL AIRPORT,SERVO MOTOR,,
,SPP3062,,8,MOKHLESUR REJAUL AIRPORT,MOKHLESUR REJAUL AIRPORT,SERVO MOTOR,,
,SPP3063,,8,MOKHLESUR REJAUL AIRPORT,MOKHLESUR REJAUL AIRPORT,SERVO MOTOR,,
,SPP3064,,8,MOKHLESUR REJAUL AIRPORT,MOKHLESUR REJAUL AIRPORT,SERVO MOTOR,,
,SPP3065,,8,MOKHLESUR REJAUL AIRPORT,MOKHLESUR REJAUL AIRPORT,SERVO MOTOR,,
,SPP3066,,8,MOKHLESUR REJAUL AIRPORT,MOKHLESUR REJAUL AIRPORT,SERVO MOTOR,,
,SPP3067,,8,MOKHLESUR REJAUL AIRPORT,MOKHLESUR REJAUL AIRPORT,SERVO MOTOR,,
,SPP3068,,8,MOKHLESUR REJAUL AIRPORT,MOKHLESUR REJAUL AIRPORT,SERVO MOTOR,,
,SPP3069,,8,MOKHLESUR REJAUL AIRPORT,MOKHLESUR REJAUL AIRPORT,SERVO MOTOR,,
,SPP3070,,8,MOKHLESUR REJAUL AIRPORT,MOKHLESUR REJAUL AIRPORT,SERVO MOTOR,,
,SPP3071,,8,MOKHLESUR REJAUL AIRPORT,MOKHLESUR REJAUL AIRPORT,SERVO MOTOR,,
,SPP3072,,8,MOKHLESUR REJAUL AIRPORT,MOKHLESUR REJAUL AIRPORT,SERVO MOTOR,,
,SPP3073,,21,KM(MANNAN),KM(MANNAN),BUZZER MODULE,,
,SPP3074,,21,KM(MANNAN),KM(MANNAN),BUZZER MODULE,,
,SPP3075,,21,KM(MANNAN),KM(MANNAN),BUZZER MODULE,,
,SPP3076,,21,KM(MANNAN),KM(MANNAN),BUZZER MODULE,,
,SPP3077,,8.6,KM(MANNAN),KM(MANNAN),BUZZER MODULE,,
,SPP3078,,17.5,RED27.4.2(90 BAG),RED27.4.2(90 BAG),BAG,,
,SPP3079,,13,SKY SWAD,SKY SWAD,BABY SHOES,,
,SPP3080,,13,SKY SWAD,SKY SWAD,BABY SHOES,,
,SPP3081,,13,SKY SWAD,SKY SWAD,BABY SHOES,,
,SPP3082,,13,SKY SWAD,SKY SWAD,BABY SHOES,,
,SPP3083,,13,SKY SWAD,SKY SWAD,BABY SHOES,,
,SPP3084,,9,SKY SWAD,SKY SWAD,BABY SHOES,,
,SPP3085,,9,SKY SWAD,SKY SWAD,BABY SHOES,,
,SPP3086,,8,DULAL RONY,DULAL RONY,RUBBER ROLLER,,
,SPP3087,,18,SHOYEB,SHOYEB,DOOR SENSOR,,
,SPP3088,,9.5,NIZAM,NIZAM,SENSOR,,
,SPP3089,,15,SKY10175(150 BAG),SKY10175(150 BAG),BAG,,
,SPP3090,,14,RED25.17(250 PLASTIC COVER),RED25.17(250 PLASTIC COVER),PLASTIC COVER,,
,SPP3091,,14,RED25.17(250 PLASTIC COVER),RED25.17(250 PLASTIC COVER),PLASTIC COVER,,
,SPP3092,,7,RED25.17(250 PLASTIC COVER),RED25.17(250 PLASTIC COVER),PLASTIC COVER,,
,SPP3093,,11.5,SKY10763(30 PLASTIC HOOK),SKY10763(30 PLASTIC HOOK),PLASTIC HOOK,,
,SPP3094,,11.5,SKY10763(30 PLASTIC HOOK),SKY10763(30 PLASTIC HOOK),PLASTIC HOOK,,
,SPP3095,,13.5,FSHIP,FSHIP,MENS UNDERWEAR,,
,SPP3096,,24,SKY SWAD5(60 SHOES),SKY SWAD5(60 SHOES),SHOES,,
,SPP3097,,12.5,SKY SWAD5(60 SHOES),SKY SWAD5(60 SHOES),SHOES,,
,SPP3098,,7,RED25.4(750 PLASTIC COVER),RED25.4(750 PLASTIC COVER),PLASTIC COVER,,
,SPP3099,,14,DEAR BD,DEAR BD,SHOES INSOLE,,
,SPP3100,,21.5,MISSION IKRAM,MISSION IKRAM,BAG,,
,SPP3101,,52,SS5,SS5,MENS UNDERWEAR,,
,SPP3102,,52,SS5,SS5,MENS UNDERWEAR,,
,SPP3103,,52,SS5,SS5,MENS UNDERWEAR,,
,SPP3104,,52,SS5,SS5,MENS UNDERWEAR,,
,SPP3105,,52,SS5,SS5,MENS UNDERWEAR,,
,SPP3106,,52,SS5,SS5,MENS UNDERWEAR,,
,SPP3107,,64,SS5,SS5,MENS UNDERWEAR,,
,SPP3108,,38,SS5,SS5,MENS UNDERWEAR,,
,SPP3109,,38,SS5,SS5,MENS UNDERWEAR,,
,SPP3110,,5.5,RED7.7(100 GLOVES),RED7.7(100 GLOVES),GLOVES,,
,SPP3111,,10,FSHIP,FSHIP,CLASSIC SEMI ANKLE SOCKES,,
,SPP3112,,18.5,DEAR BD,DEAR BD,PLASTIC PEN HOLDER,,
,SPP3113,,14.5,MOKHLESUR REJAUL AIRPORT,MOKHLESUR REJAUL AIRPORT,MONITOR,,
,SPP3114,,19.5,CSL,CSL,DELI,,
,SPP3115,,19.5,CSL,CSL,DELI,,
,SPP3116,,19.5,CSL,CSL,DELI,,
,SPP3117,,19.5,CSL,CSL,DELI,,
,SPP3118,,19.5,CSL,CSL,DELI,,
,SPP3119,,19.5,CSL,CSL,DELI,,
,SPP3120,,19.5,CSL,CSL,DELI,,
,SPP3121,,19.5,CSL,CSL,DELI,,
,SPP3122,,19.5,CSL,CSL,DELI,,
,SPP3123,,19.5,CSL,CSL,DELI,,
,SPP3124,,19.5,CSL,CSL,DELI,,
,SPP3125,,19.5,CSL,CSL,DELI,,
,SPP3126,,19.5,CSL,CSL,DELI,,
,SPP3127,,19.5,CSL,CSL,DELI,,
,SPP3128,,19.5,CSL,CSL,DELI,,
,SPP3129,,19.5,CSL,CSL,DELI,,
,SPP3130,,19.5,CSL,CSL,DELI,,
,SPP3131,,19.5,CSL,CSL,DELI,,
,SPP3132,,19.5,CSL,CSL,DELI,,
,SPP3133,,19.5,CSL,CSL,DELI,,
,SPP3134,,19.5,CSL,CSL,DELI,,
,SPP3135,,19.5,CSL,CSL,DELI,,
,SPP3136,,19.5,CSL,CSL,DELI,,
,SPP3137,,19.5,CSL,CSL,DELI,,
,SPP3138,,19.5,CSL,CSL,DELI,,
,SPP3139,,19.5,CSL,CSL,DELI,,
,SPP3140,,19.5,CSL,CSL,DELI,,
,SPP3141,,19.5,CSL,CSL,DELI,,
,SPP3142,,19.5,CSL,CSL,DELI,,
,SPP3143,,19.5,CSL,CSL,DELI,,
,SPP3144,,19.5,CSL,CSL,DELI,,
,SPP3145,,14.5,CSL,CSL,FACA CLEANING DEVICE,,
,SPP3146,,14.5,CSL,CSL,FACA CLEANING DEVICE,,
,SPP3147,,39,MISSION IKRAM,MISSION IKRAM,BAG,,
,SPP3148,,27.5,MISSION IKRAM,MISSION IKRAM,BAG,,
,SPP3149,,21,MISSION IKRAM,MISSION IKRAM,BAG,,
,SPP3150,,23.5,MISSION IKRAM,MISSION IKRAM,BAG,,
,SPP3151,,8,DEAR BD,DEAR BD,STORAGE BAG,,
,SPP3152,,10,SKY10243(35 BAG),SKY10243(35 BAG),BAG,,
,SPP3153,,21,SKY10699(2000 PLASTIC COVER),SKY10699(2000 PLASTIC COVER),PLASTIC COVER,,
,SPP3154,,16.64,RED25.19(400 BAG),RED25.19(400 BAG),BAG,,
,SPP3155,,16.7,RED25.19(400 BAG),RED25.19(400 BAG),BAG,,
,SPP3156,,16.04,RED25.19(400 BAG),RED25.19(400 BAG),BAG,,
,SPP3157,,16.38,RED25.19(400 BAG),RED25.19(400 BAG),BAG,,
,SPP3158,,20.56,RED25.18(200 BAG),RED25.18(200 BAG),BAG,,
,SPP3159,,21,RED25.23(150 BAG),RED25.23(150 BAG),BAG,,
,SPP3160,,19.8,RED25.23(151 BAG),RED25.23(151 BAG),BAG,,
,SPP3161,,22,SKYSWAD1(120 SHOES),SKYSWAD1(120 SHOES),SHOES,,
,SPP3162,,15,SKYSWAD1(120 SHOES),SKYSWAD1(120 SHOES),SHOES,,
,SPP3163,,23,SKYSWAD1(120 SHOES),SKYSWAD1(120 SHOES),SHOES,,
,SPP3164,,16.5,SKYSWAD1(120 SHOES),SKYSWAD1(120 SHOES),SHOES,,
,SPP3165,,13.5,SKYSWAD1(120 SHOES),SKYSWAD1(120 SHOES),SHOES,,
,SPP3166,,30,SKYSWAD1(120 SHOES),SKYSWAD1(120 SHOES),SHOES,,
,SPP3167,,13.5,JT TUSHER,JT TUSHER,CONTROLLER,,
,SPP3168,,24.1,RED26.1(100 BAG),RED26.1(100 BAG),BAG,,
,SPP3169,,23.8,RED26.1(100 BAG),RED26.1(100 BAG),BAG,,
,SPP3170,,14,SKY10479(3 MAT),SKY10479(3 MAT),MAT,,
,SPP3171,,23,DEAR BD,DEAR BD,HAIR DRYER COMB,,
,SPP3172,,23,DEAR BD,DEAR BD,HAIR DRYER COMB,,
,SPP3173,,48.6,SARIF,SARIF,T SHIRT,,
,SPP3174,,48.5,SARIF,SARIF,T SHIRT,,
,SPP3175,,9.5,SKYTN15(21 BAG),SKYTN15(21 BAG),BAG,,
,SPP3176,,8.5,SKY11295(90 PLASTIC BOX),SKY11295(90 PLASTIC BOX),PLASTIC BOX,,
,SPP3177,,13.5,RED25.9(280 BAG),RED25.9(280 BAG),LUNCH BAG,,
,SPP3178,,16.5,RED25.9(280 BAG),RED25.9(280 BAG),LUNCH BAG,,
,SPP3179,,18.5,RED25.9(280 BAG),RED25.9(280 BAG),LUNCH BAG,,
,SPP3180,,13.5,RED25.5(200 BAG),RED25.5(200 BAG),BAG,,
,SPP3181,,13.5,RED25.5(200 BAG),RED25.5(200 BAG),BAG,,
,SPP3182,,12,SKY10170(90 BAG),SKY10170(90 BAG),BAG,,
,SPP3183,,17,ENGR FAISAL KHAN,ENGR FAISAL KHAN,FILTER,,
,SPP3184,,16.5,MD APU SHEIKH,MD APU SHEIKH,MOBILE PHONE FILM,,
,SPP3185,,16.4,MD APU SHEIKH,MD APU SHEIKH,Mobile phone shell,,
,SPP3186,,16.2,MD APU SHEIKH,MD APU SHEIKH,Mobile phone shell,,
,SPP3187,,25,RED25.2(640 BAG),RED25.2(640 BAG),BAG,,
,SPP3188,,25,RED25.2(640 BAG),RED25.2(640 BAG),BAG,,
,SPP3189,,25,RED25.2(640 BAG),RED25.2(640 BAG),BAG,,
,SPP3190,,25,RED25.2(640 BAG),RED25.2(640 BAG),BAG,,
,SPP3191,,25,RED25.2(640 BAG),RED25.2(640 BAG),BAG,,
,SPP3192,,25,RED25.2(640 BAG),RED25.2(640 BAG),BAG,,
,SPP3193,,25,RED25.2(640 BAG),RED25.2(640 BAG),BAG,,
,SPP3194,,10.5,RED25.6(140 BAG),RED25.6(140 BAG),BAG,,
,SPP3195,,8.5,RED25.6(140 BAG),RED25.6(140 BAG),BAG,,
,SPP3196,,10.5,RED25.6(140 BAG),RED25.6(140 BAG),BAG,,
,SPP3197,,74,NIZAM,NIZAM,ELECTRON TUBE,,
,SPP3198,,37,DEAR BD,DEAR BD,PEN,,
,SPP3199,,37,DEAR BD,DEAR BD,PEN,,
,SPP3200,,37,DEAR BD,DEAR BD,PEN,,
,SPP3201,,37,DEAR BD,DEAR BD,PEN,,
,SPP3202,,37,DEAR BD,DEAR BD,PEN,,
,SPP3203,,35.5,DEAR BD,DEAR BD,PEN,,
,SPP3204,,14,SKY11568(500 PLASTIC HOOK),SKY11568(500 PLASTIC HOOK),PLASTIC HOOK,,
,SPP3205,,9,SKYGT,SKYGT,MOTORCYCLE HELMET BRACKET,,
,SPP3206,,16.5,MOBILE BAZAR,MOBILE BAZAR,PHONE CASE,,
,SPP3207,,16.5,MOBILE BAZAR,MOBILE BAZAR,PHONE CASE,,
,SPP3208,,16.5,MOBILE BAZAR,MOBILE BAZAR,PHONE CASE,,
,SPP3209,,16.5,MOBILE BAZAR,MOBILE BAZAR,PHONE CASE,,
,SPP3210,,16.5,MOBILE BAZAR,MOBILE BAZAR,PHONE CASE,,
,SPP3211,,16.5,MOBILE BAZAR,MOBILE BAZAR,PHONE CASE,,
,SPP3212,,16.5,MOBILE BAZAR,MOBILE BAZAR,PHONE CASE,,
,SPP3213,,16.5,MOBILE BAZAR,MOBILE BAZAR,PHONE CASE,,
,SPP3214,,16.5,MOBILE BAZAR,MOBILE BAZAR,PHONE CASE,,
,SPP3215,,16.5,MOBILE BAZAR,MOBILE BAZAR,PHONE CASE,,
,SPP3216,,16.5,MOBILE BAZAR,MOBILE BAZAR,PHONE CASE,,
,SPP3217,,16.5,MOBILE BAZAR,MOBILE BAZAR,PHONE CASE,,
,SPP3218,,16.5,MOBILE BAZAR,MOBILE BAZAR,PHONE CASE,,
,SPP3219,,7,MOBILE BAZAR,MOBILE BAZAR,PHONE CASE,,
,SPP3220,,25,RED25.1(300 BAG),RED25.1(300 BAG),BAG,,
,SPP3221,,23.5,RED25.1(300 BAG),RED25.1(300 BAG),BAG,,
,SPP3222,,69.3,BINIMOY,BINIMOY,T SHIRT,,
,SPP3223,,76.8,BINIMOY,BINIMOY,T SHIRT,,
,SPP3224,,70.3,BINIMOY,BINIMOY,T SHIRT,,
,SPP3225,,73.2,BINIMOY,BINIMOY,T SHIRT,,
,SPP3226,,70.5,BINIMOY,BINIMOY,T SHIRT,,
,SPP3227,,11,ENGR FAISAL KHAN,ENGR FAISAL KHAN,FILTER,,
,SPP3228,,8,CSL-4001,CSL-4001,IC READER,,
,,,,,,IC READER（USB),,
,,,,,,CARD CONNECTOR,,
,SPP3229,,2,CSL-4002,CSL-4002,AIRPORT TIME CAPSULE,,
,SPP3230,,19.4,CSL-4003,CSL-4003,MOUSE TRAP,,
,SPP3231,,19.4,CSL-4004,CSL-4004,MOUSE TRAP,,
,SPP3232,,9.8,CSL-4005,CSL-4005,MOUSE TRAP,,
,SPP3233,,115,CSL-4006,CSL-4006,ONU,,
,SPP3234,,,CSL-4007,CSL-4007,ONU,,
,SPP3235,,,CSL-4008,CSL-4008,ONU,,
,SPP3236,,,CSL-4009,CSL-4009,ONU,,
,SPP3237,,,CSL-4010,CSL-4010,ONU,,
,SPP3238,,278,CSL-4011,CSL-4011,ROLLER BLOCK,,
,SPP3239,,4,CSL-4012,CSL-4012,POWER SUPPLY,,
,SPP3240,,13.6,CSL-4013,CSL-4013,PLC MODEL,,
,,,,,,TOUCH SCREEN,,
,SPP3241,,7.7,CSL-4014,CSL-4014,BOX,,
,,,,,,PLC MODEL,,
,SPP3242,,5.2,CSL-4015,CSL-4015,SHOES,,
,SPP3243,,3,CSL-4016,CSL-4016,EPON OLT,,
