test,PK-1110,BONY AMIN,AYRA-SHAKIB,SHOES/SLIDE(COPY),14,13.7,780,10686
test,PK-1111,MISSION,MISSION/IKRAM,BAG?COPY),37.5,18.2,770,14014
test,PK-1112,MISSION,MISSION/IKRAM,BAG?COPY),18,37.15,770,28605.5
test,PK-1113,FS,FS/SOBUZ BY AIR,SPRINKER,25.5,25.25,740,18685
test,PK-1114,FS,FS/SOBUZ BY AIR,SPRINKER,25,25.2,740,18648
test,PK-1115,FS,FS/SOBUZ BY AIR,SPRINKER,25.5,25.3,740,18722
test,PK-1116,FS,FS/SOBUZ BY AIR,SPRINKER,25.5,25.3,740,18722
test,PK-1117,FS,FS/SOBUZ BY AIR,SPRINKER,25.5,25.2,740,18648
test,PK-1118,MR TORIKUL,BY AIR CHINA SHIP,FREEZING TEMPERATURE CONTROLLER,16.8,16.8,750,12600
test,PK-1119,MR TORIKUL,BY AIR CHINA SHIP,AIR CONDITIONING LINE PASSING MACHINE,28,27.9,750,20925
test,PK-1120,MR TORIKUL,BY AIR CHINA SHIP,AIR CONDITIONING LINE PASSING MACHINE,18.5,18.4,750,13800
test,PK-1121,MR TORIKUL,BY AIR CHINA SHIP,AIR CONDITIONING LINE PASSING MACHINE,19.2,19.1,750,14325
test,PK-1122,MR TORIKUL,BY AIR CHINA SHIP,CRYOGENIC RELAY,18.6,18.5,750,13875
test,PK-1123,MR TORIKUL,BY AIR CHINA SHIP,FREEZING CONTROL BOARD,17.4,17.3,750,12975
test,PK-1124,MR TORIKUL,BY AIR CHINA SHIP,FREEZING CONTROL BOARD,17.4,17.25,750,12937.5
test,XTRA-2,SOURCING AIDE,SOURCING AIDE,UNKNOWN,4.3,4.3,1000,4300
test,XTRA-1,AS-ASHUK,MA,UNKNOWN,3.1,3.1,725,2247.5
test,PK-1127,AS-ASHUK,MA-16,FILTER,17.5,17.4,725,12615
test,PK-1128,ALAMGIR,ALAMGIR,UNDERPANTS,54,52.1,950,49495
test,PK-1128B,ALAMGIR,ALAMGIR,UNDERPANTS,53,53.1,950,50445
test,PK-1129,ALAMGIR,ALAMGIR,UNDERPANTS,53.5,53.3,950,50635
test,PK-1129B,ALAMGIR,ALAMGIR,UNDERPANTS,51,50.7,950,48165
test,PK-1130,ALIM,JTI/RANA AHSAN,POOL LIGHT,14,14.5,740,10730
test,PK-1131,ALIM,JTI/RANA AHSAN,POOL LIGHT,1.5,14.7,740,10878
test,PK-1132,AS-ASHUK,MA-182 BY AIR,FILTER,8,8.1,725,5872.5
test,PK-1133,ALIM,JTI/TECTESLA,CYLINDER ,25,24.9,740,18426
test,PK-1134,ALIM,JTI/TECTESLA, SENSOR,1.5,1.65,740,1221
test,PK-1135,SHOHEB,PRODIP/SHOYEB,SOCKET,26,25.8,750,19350
test,PK-1136,SHOHEB,SHOYEB,TRIOED,5.5,5.4,750,4050
test,PK-1137,AS-ASHUK,MA-BY AIR MA-353,FEED VALVE-RELAY-PRESS SWITCH-DISPLAY SCREEN,10,9.8,725,7105
test,PK-1138,BAPPA,BAPPY BHAI-1,HUMIDIFIER,9,9,740,6660
test,PK-1139,BAPPA,BAPPY BHAI-2,HUMIDIFIER,9,9,740,6660
test,PK-1140,BAPPA,BAPPY BHAI-3,HUMIDIFIER,9,8.9,740,6586
test,PK-1141,BAPPA,BAPPY BHAI-4,HUMIDIFIER,9,9.05,740,6697
test,PK-1142,BAPPA,BAPPY BHAI-5,HUMIDIFIER,9,9.05,740,6697
test,PK-1143,BAPPA,BAPPY BHAI-6,HUMIDIFIER,9,9,740,6660
test,PK-1144,BAPPA,BAPPY BHAI-7,HUMIDIFIER,9,9,740,6660
test,PK-1145,BAPPA,BAPPY BHAI-8,HUMIDIFIER,9,9.05,740,6697
test,PK-1146,BAPPA,BAPPY BHAI-9,HUMIDIFIER,9,9.05,740,6697
test,PK-1147,BAPPA,BAPPY BHAI-10,HUMIDIFIER,9,9,740,6660
test,PK-1148,AS-ASHUK,MA-426,SPARE PARTS ,31.5,31.5,725,22837.5
test,PK-1149,ALI-OFFICE,ALI/TACHI SUPER,HANGING LIGHT,14.5,14.5,780,11310
test,PK-1150,SHUVO PAUL,SHUVO PAUL,SHOES,12,12,800,9600
test,PK-1152,MISSION,MISSION/RAKIB,PUMP,12,12.1,740,8954
test,PK-1153,BM,BM/DAS,MAN T SHIRT,49.5,49.7,950,47215
test,PK-1153B,BM,BM/DAS BY AIR,GIRL T SHIRT,37.5,37.6,900,33840
test,PK-1154,KHAIRUL ISLAM,MK/BD,TURBINE ENGINE,13,12.7,730,9271
test,PK-1155,KHAIRUL ISLAM,MK/BD,TURBINE ENGINE,13,12.3,730,8979
test,PK-1156,KHAIRUL ISLAM,MK/BD,TURBINE ENGINE,13,12.95,730,9453.5
test,PK-1157,AS-ASHUK,MA-182 ,BELT,9.2,9.4,725,6815
test,PK-1158,SHOHEB,PRODIP/SHOYEB,TRIOED,20.5,20.2,750,15150
test,PK-1159,SHOHEB,PRODIP/SHOYEB,TRIOED,21.5,20.8,750,15600
test,PK-1160,TG,Nomark,CONTROLER,19,19.1,750,14325
test,PK-1161,TG,Nomark,CONTROLER,20,20.1,750,15075
test,PK-1162,SHOHEB,SHOYEB,SENSOR,18.5,18.6,750,13950
test,PK-1163,SHOHEB,Nomark,MOTOR PARTS,22.5,22.4,750,16800
test,PK-1164,SHOHEB,Nomark,MOTOR PARTS,20.5,20.8,750,15600
test,PK-1165,TG,TG/RAHAT,SPARE PARTS ,6,5.9,750,4425
test,PK-1166,NOKIB,NKB/RAJU MOHAMMAD,MOBILE CASE(COPY HELLO KITTY),25.4,27.2,800,21760
test,PK-1167,NOKIB,NKB/RAJU MOHAMMAD,MOBILE CASE(COPY HELLO KITTY),26.23,27.45,800,21960
test,PK-1168,NOKIB,NKB/RAJU MOHAMMAD,MOBILE CASE(COPY HELLO KITTY),26.25,27.75,800,22200
test,PK-1169,NOKIB,NKB/RAJU MOHAMMAD,MOBILE CASE(COPY HELLO KITTY),27,19.9,800,15920
test,PK-1170,NOKIB,NKB/RAJU MOHAMMAD,MOBILE CASE(COPY HELLO KITTY),19.5,27.25,800,21800
test,PK-1171,AS-ASHUK,MA-646,VALVE POSITIONER,22.5,22.4,725,16240
test,PK-1172,AS-ASHUK,MA-646,VALVE POSITIONER,23,22.7,725,16457.5
test,PK-1173,AS-ASHUK,MA-646,VALVE POSITIONER,19,19,725,13775
test,PK-1174,AS-ASHUK,MA-646,VALVE POSITIONER,15.5,15.3,725,11092.5
test,PK-1175,AS-ASHUK,MA-646,VALVE POSITIONER,15,15.2,725,11020
test,PK-1176,ALIM,JTI/RANA AHSAN,POOL LIGHT,15.5,15.35,740,11359
test,PK-1177,ALIM,JTI/RANA AHSAN,POOL LIGHT,15.5,15.35,740,11359
test,PK-1178,ALIM,JTI/RANA AHSAN,POOL LIGHT,15.5,15.35,740,11359
test,PK-1179,ALAMGIR,ALAMGIR,UNDERPANTS,51,51.4,950,48830
test,PK-1179B,ALAMGIR,ALAMGIR,UNDERPANTS,57.5,57.4,950,54530
test,PK-1180,ALAMGIR,ALAMGIR,UNDERPANTS,55.5,55.7,950,52915
test,PK-1180B,ALAMGIR,ALAMGIR,UNDERPANTS,55.5,55.4,950,52630
test,PK-1181,ALAMGIR,ALAMGIR,UNDERPANTS,51,51.4,950,48830
test,PK-1181B,ALAMGIR,ALAMGIR,UNDERPANTS,55.5,55.5,950,52725
test,PK-1182,HM-SUVO,KM(MANNAN),TRANISTOR,21.5,21.4,740,15836
test,PK-1183,AS-ASHUK,MA-229,RECTIFIER/ROTOR,10.1,10.3,725,7467.5
test,PK-1184,SHOHEB,PRODIP/SHOYEB,MOSFET,30.5,30.6,750,22950
test,PK-1185,SHOHEB,PRODIP/SHOYEB,OPTICAL COUPLER,6.5,6.7,750,5025
test,PK-1186,DEAR BD,DEAR BD 4999,PROTECTIVE CASE,5.5,5.25,750,3937.5
test,PK-1187,DEAR BD,DEAR BD 5153,DOOR PLUG,5,5.1,750,3825
test,PK-1188,DEAR BD,DEAR BD 5138,BAG,3,3,750,2250
test,PK-1189,DEAR BD,DEAR BD 5105,ONLINE GOODS-16,5.5,5.4,750,4050
test,PK-1190,DEAR BD,DEAR BD 5140,BAG,6,6.1,750,4575
test,PK-1191,DEAR BD,DEAR BD 5101,ICE BAG,15,15,750,11250
test,PK-1192,MISSION,MISSION/HAMZA,CAR PARTS,4.5,4.65,740,3441
test,PK-1193,MAHMUDUL HASAN,MAHMUDUL/SIKDER,THERMAL LABEL PRINTER,17.5,17.55,740,12987
test,PK-1194,MAHMUDUL HASAN,MAHMUDUL/SIKDER,THERMAL LABEL PRINTER,17.5,17.6,740,13024
test,PK-1195,MAHMUDUL HASAN,MAHMUDUL/SIKDER,THERMAL LABEL PRINTER,17.5,17.55,740,12987
test,PK-1196,DEAR BD,DEAR BD 5074,BATH TOWEL,15.5,15.2,750,11400
test,PK-1197,AS-ASHUK,MA-279,BLOOD SAMPLER,14,13.9,725,10077.5
test,PK-1198,PSB,PSB,MACHINE PARTS,12.3,12.4,750,9300
test,PK-1199,TG,TG/MOBAROK TRADING,CAR PARTS,9.5,9.5,750,7125
test,PK-1200,TG,TG/MOBAROK TRADING,CAR PARTS,8.5,8.45,750,6337.5
test,PK-1201,DEAR BD,DEAR BD  5021,CHILDREN COOKING SET,5.5,5.2,750,3900
test,PK-1202,RAKIBUL HASSAN,BM CARGO/RAKIBUL NOWABPUR,LIGHT SHEDS,47.5,47,750,35250
test,PK-1203,BM,BM/DAS BY AIR,BOY T SHIRT,46,46.3,950,43985
test,PK-1203B,BM,BM/DAS BY AIR,BOY T SHIRT,32,32.3,950,30685
test,PK-1204,CPEX,CPEX IMRAN,GARTMENT,120,119.3,1080,128844
test,PK-1205,MR TORIKUL,CHINA SHIP 2567,PLASTIC,10,9.9,750,7425
test,PK-1206,CPEX,NIROB ENTERPRISE,HAT,2.5,2.5,780,1950
test,PK-1207,DEAR BD,DEAR BD 4747,TOY BALL,4,4,750,3000
test,PK-1208,DEAR BD,DEAR BD MIX,ONLINE GOODS-7,26,25.75,750,19312.5
test,PK-1209,DEAR BD,DEAR BD MIX,HAIR BAND/FAKE PLANT/MINI BOX SHOES,9,8.95,750,6712.5
test,PK-1210,CPEX,NIROB ENTERPRISE,TOWEL,9,9,780,7020
test,PK-1211,MR TORIKUL,CHINA SHIP MIX,HAIR ACCESSORIES/JEWELRY/LIGHTS/TAPE,16.5,16.5,750,12375
test,PK-1212,MR TORIKUL,CHINA SHIP ,CLOCKWORK CHICKEN TOY,5,5,750,3750
test,PK-1213,ALI-OFFICE,FAYSAL/ALI,MAN SLIDE ,24,23,770,17710
test,PK-1214,ALI-OFFICE,FAYSAL/ALI,MAN SLIDE,20.5,20.2,770,15554
test,PK-1215,ALI-OFFICE,FAYSAL/ALI,MAN SLIDE,13,13,770,10010
test,PK-1216,ALI-OFFICE,FAYSAL/ALI,MAN SLIDE,16,16.15,770,12435.5
test,PK-1217,CPEX,CPEX BR,HOSPITAL BED MATRESS,9.5,9.4,800,7520
test,PK-1218,AS-ASHUK,MA-647,CALIBRATION WEIGHT SET,13.5,13.2,725,9570
test,PK-1219,SHOHEL CTG,BFD-SHOHACCTG/PRODIP,CAR MULTIMEDIA PLAYER,11.05,11,750,8250
test,PK-1220,SHOHEL CTG,BFD-SHOHACCTG/PRODIP,CAR MULTIMEDIA PLAYER,18,18,750,13500
test,PK-1221,SHOHEL CTG,BFD-SHOHACCTG/PRODIP,CAR MULTIMEDIA PLAYER,18,18,750,13500
test,PK-1222,SHOHEL CTG,BFD-SHOHACCTG/PRODIP,CAR MULTIMEDIA PLAYER,16.7,16.7,750,12525
test,PK-1223,ARQUE,FAHIM/ARQUO,MOTORCYCLE PARTS,3.5,3.2,780,2496
test,PK-1224,AS-ASHUK,MA-182,CYLINDER BRACKET,30,28,725,20300
test,PK-1225,DEAR BD,DEAR BD 5117,BEAUTY HAIR ITEMS,6.5,6.5,750,4875
test,PK-1226,AS-ASHUK,MA-182 BY AIR,COVER TAPE,51,50.8,725,36830
test,PK-1227,PSB,PSB,RIBBON ,7.1,7.1,750,5325
test,PK-1228,BM,BM/DAS BY AIR,MAN T SHIRT,72,68.5,950,65075
test,PK-1228B,BM,BM/DAS BY AIR,MAN T SHIRT,72,68.4,950,64980
test,PK-1229,BM,B.M/S.D BY AIR,MAN T SHIRT,76.6,76.6,950,72770
test,PK-1229B,BM,B.M/S.D BY AIR,MAN T SHIRT,78.5,78.6,950,74670
test,PK-1230,BM,B.M/SD ? by air,MAN T SHIRT,73.2,73.2,950,69540
test,PK-1230B,BM,B.M/SD ? by air,MAN T SHIRT,76.7,76.8,950,72960
test,PK-1232,YAKUB ALI,YAKUB ALI,CONTROLLER/STEERING GEAR/STARTER/POTENTIOMETER,19.5,19.3,750,14475
test,PK-1233,YAKUB ALI,YAKUB ALI,WHEEL NET,16,15.9,750,11925
test,PK-1234,BM,BM/DAS BY AIR,MAN'S CASUAL PANTS,65.5,69.4,820,56908
test,PK-1235,BM,BM/DAS BY AIR,MAN'S CASUAL PANTS,69.5,65.4,820,53628
test,PK-1236,CPEX,BD-HZKY2404029,SHOCK ABSORBER RUBBER/BOLTS/NYLON WASHERS,73,73.6,750,55200
test,PK-1237,ALIM,JTI/RONG BEROONG,WOMAN DRESS,8.3,8.25,950,7837.5
test,PK-1238,HUMAIRA TRADING INTERNATIONAL,Humaira trading international,EMBROIDERY MACHINE ACCESSORIES,19.7,19.7,750,14775
test,PK-1239,HUMAIRA TRADING INTERNATIONAL,Humaira trading international,EMBROIDERY MACHINE ACCESSORIES,19.7,19.7,750,14775
test,PK-1240,HUMAIRA TRADING INTERNATIONAL,Humaira trading international,EMBROIDERY MACHINE ACCESSORIES,27,27,750,20250
test,PK-1241,HUMAIRA TRADING INTERNATIONAL,Humaira trading international,EMBROIDERY MACHINE ACCESSORIES,31.5,31.4,750,23550
test,PK-1242,HUMAIRA TRADING INTERNATIONAL,Humaira trading international,EMBROIDERY MACHINE ACCESSORIES,22.5,22.45,750,16837.5
test,PK-1243,HUMAIRA TRADING INTERNATIONAL,Humaira trading international,EMBROIDERY MACHINE ACCESSORIES,18,18,750,13500
test,PK-1244,JM,JMC,STEEL WHISTLE,20.5,20.3,740,15022
test,PK-1245,JM,JMC,STEEL WHISTLE,20,20.3,740,15022
test,PK-1246,AS-ASHUK,MA-229,FILTER ACCESSORIES,11.8,11.7,725,8482.5
test,PK-1247,AS-ASHUK,MA-229,FILTER ACCESSORIES,11.6,11.6,725,8410
test,PK-1248,BAPPA,BAPPY BHAI,BLOWER,18.5,18.35,740,13579
test,PK-1249,BAPPA,BAPPY BHAI,BLOWER,18,18.05,740,13357
test,PK-1250,BAPPA,BAPPY BHAI,BLOWER,18,18.35,740,13579
test,PK-1251,BAPPA,BAPPY BHAI,BLOWER,18,18,740,13320
test,PK-1252,BAPPA,BAPPY BHAI,BLOWER,18,18.55,740,13727
test,PK-1253,MR SQUAD,RM(STRIDE WORLD),TEXTILE MACHINE PARTS,8,17.7,730,12921
test,PK-1254,NO MARK,PRODIP/KARMAKER,GASKET/FAN BLADE/ORBITROL,10,2.8,750,2100
test,PK-1255,NO MARK,PRODIP/KARMAKER,GASKET/FAN BLADE/ORBITROL,10,6.6,750,4950
test,PK-1256,DEAR BD,Nomark,MACHINE PARTS,10.5,10.45,750,7837.5
test,PK-1257,DEAR BD,DEAR BD 5063,BAG,17,16.8,750,12600
test,PK-1258,DEAR BD,DEAR BD 5075,BATH GLOVES,12,12,750,9000
test,PK-1259,AS-ASHUK,MA-04,TEXTILE MACHINE PARTS,8,8.2,725,5945
test,PK-1260,DEAR BD,DEAR BD 5103,SILICON BRUSH,9,9,750,6750
test,PK-1261,DEAR BD,DEAR BD 5073,BREAST PAD,5,5,750,3750
test,PK-1262,AS-ASHUK,MA-680,TEXTILE MACHINE PARTS,9,8.8,725,6380
test,PK-1263,DEAR BD,DEAR BD 5072,SHOES,5,4.9,750,3675
test,PK-1264,BM,BM/SD BY AIR,MAN T SHIRT,63.5,63.5,950,60325
test,PK-1265,ALAMGIR,ALAMGIR,UNDERPANTS,20.5,20.2,950,19190
test,PK-1265B,ALAMGIR,ALAMGIR,UNDERPANTS,24.2,26.6,950,25270
test,PK-1266,ALAMGIR,ALAMGIR,UNDERPANTS,26.5,26.6,950,25270
test,PK-1266B,ALAMGIR,ALAMGIR,UNDERPANTS,26.5,28.5,950,27075
test,PK-1267,SHOHEB,PRODIP KAMAKER(SHOYEB PATUATOLI),INVERTER,18.55,19,750,14250
test,PK-1268,SHOHEB,PRODIP KAMAKER(SHOYEB PATUATOLI),INVERTER,18.55,18.9,750,14175
test,PK-1269,SHOHEB,PRODIP KAMAKER(SHOYEB PATUATOLI),INVERTER,18.55,18.9,750,14175
test,PK-1270,SHOHEB,PRODIP KAMAKER(SHOYEB PATUATOLI),INVERTER,18.55,18.9,750,14175
test,PK-1271,SHOHEB,PRODIP KAMAKER(SHOYEB PATUATOLI),INVERTER,18.55,18.9,750,14175
test,PK-1272,AS-ASHUK,MA-229,INDUSTRIAL FAN,15,14.7,725,10657.5
test,PK-1273,AS-ASHUK,MA-229,INDUSTRIAL FAN,15,14.8,725,10730
test,PK-1274,AS-ASHUK,MA-229,INDUSTRIAL FAN,14,14.7,725,10657.5
test,PK-1275,AS-ASHUK,MA-229,INDUSTRIAL FAN,14.5,14.7,725,10657.5
test,PK-1276,AS-ASHUK,MA-229,INDUSTRIAL FAN,15,14.8,725,10730
test,PK-1277,AS-ASHUK,MA-229,INDUSTRIAL FAN,16.5,16.6,725,12035
test,PK-1278,AS-ASHUK,MA-229,INDUSTRIAL FAN,16.5,16.6,725,12035
test,PK-1279,HM-SUVO,KM(MANNAN),CONNECTOR,28.5,28.8,740,21312
test,PK-1282,MAHMUDUL HASAN,Mahmudul/Engr Jahangir ,AC OUTER MACHINE PCB,15.2,15.1,740,11174
test,PK-1283,MAHMUDUL HASAN,Mahmudul/Engr Jahangir ,AC OUTER MACHINE PCB,20.7,20.65,740,15281
test,PK-1284,MAHMUDUL HASAN,Mahmudul/Engr Jahangir ,AC OUTER MACHINE PCB,16.2,16.1,740,11914
test,PK-1264B,BM,AHK/DAS BY AIR,GIRL CLOTHES SET,58.5,58.9,900,53010
test,PK-1286,MAHMUDUL HASAN,MHMUDUL/ENGR JAHANGIR,PCB BOARD ,30,29.25,800,23400
test,PK-1287,MAHMUDUL HASAN,MHMUDUL/ENGR JAHANGIR,PCB BOARD ,22,22.05,800,17640
test,PK-1288,MAHMUDUL HASAN,MHMUDUL/ENGR JAHANGIR,PCB BOARD ,18.5,18.4,800,14720
test,PK-1289,DEAR BD,DEAR BD ,SHOES,12,12.45,750,9337.5
test,PK-1290,DEAR BD,DEAR BD 5106,DUSTCOVER,6.5,6.5,750,4875
test,PK-1291,DEAR BD,DEAR BD 5102,DUSTCOVER,15,14.8,750,11100
test,PK-1292,DEAR BD,DEAR BD5124,EATING PAD,5,5.2,750,3900
test,PK-1293,DEAR BD,DEARBD 5048,COMB,7,6.9,750,5175
test,PK-1294,DEAR BD,DEAR BD 5127,WATERPROOF HAT,2,2.2,750,1650
test,PK-1295,DEAR BD,DEAR BD 5100,TOOTHSTICK BOX,11,10.75,750,8062.5
test,PK-1296,DEAR BD,DEAR BD 5120,CHILDREN BRUSH,6.5,6.25,750,4687.5
test,PK-1297,MOSARRAF KHAN,J&J RAZIIB,FUSE LINK,21.5,21.5,730,15695
test,PK-1298,MOSARRAF KHAN,J&J RAZIIB,FUSE LINK,21,20.5,730,14965
test,PK-1299,MOSARRAF KHAN,J&J RAZIIB,FUSE LINK,21,20.5,730,14965
test,PK-1300,MOSARRAF KHAN,J&J RAZIIB,FUSE LINK,21.5,21.25,730,15512.5
test,PK-1301,RAHAT,RAHAT/SHAD,HELMET ACCESSORIES,15.5,15.5,760,11780
test,PK-1302,RAHAT,RAHAT/SHAD,HELMET ACCESSORIES,16,15.6,760,11856
test,PK-1303,TG,TG/MOBAROK TRADING,CONTROLER/SOLENOID/CHARGER AND ACCESSORIES,24.5,24.25,750,18187.5
test,PK-1304,DEAR BD,DEAR BD 5116,FEEDING BOTTLE,13.5,13.35,750,10012.5
test,PK-1305,DEAR BD,DEAR BD 5126,BREAST PAD,7,6.8,750,5100
test,PK-1306,SHAHIL,SKYBUY/RAJIB AHMED,DENTAL SILICON ,4.5,4.5,730,3285
test,PK-1307,MISSION,MISSION/TECHTTC-NASIR,VOLTAGE PROTECTOR,13.75,14,740,10360
test,PK-1308,BM,BM/DAS BY AIR,MAN T SHIRT,67.5,67.4,950,64030
test,PK-1308B,BM,BM/dAS by air,MAN T SHIRT,42.5,42.4,950,40280
test,PK-1309,NOKIB,NKB/TLC/SADDAM,PAD CASE,12.5,12.4,780,9672
test,PK-1310,NOKIB,NKB/TLC/SADDAM,PAD CASE,24.5,24.5,780,19110
test,PK-1311,NOKIB,NKB/TLC/SADDAM,PAD CASE,18.5,18.8,780,14664
test,PK-1312,NOKIB,NKB/TLC/SADDAM,PAD CASE,25,25,780,19500
test,PK-1313,NOKIB,NKB/TLC/SADDAM,PAD CASE,12.5,12.35,780,9633
test,PK-1314,NOKIB,NKB/TLC/SADDAM,PAD CASE,12,12.1,780,9438
test,PK-1315,NOKIB,NKB/TLC/SADDAM,PAD CASE,27,26.8,780,20904
test,PK-1316,NOKIB,NKB/TLC/SADDAM,PAD CASE,27,27,780,21060
test,PK-1317,DEAR BD,DEAR BD5078,PLASTIC FAN,15,15,750,11250
test,PK-1318,AS-ASHUK,MA-04,SEWING MACHINE PARTS,1.5,1.5,725,1087.5
test,PK-1319,POLASH-KITE,AIR PD-RADHIN,PLASTIC JAR WITH ACCESSOREIS,6.8,6.5,750,4875
test,PK-1320,POLASH-KITE,AIR PD-RADHIN,PLASTIC JAR WITH ACCESSOREIS,6.8,6.5,750,4875
test,PK-1321,POLASH-KITE,AIR PD-RADHIN,PLASTIC JAR WITH ACCESSOREIS,6.8,6.5,750,4875
test,PK-1322,POLASH-KITE,AIR PD-RADHIN,PLASTIC JAR WITH ACCESSOREIS,6.8,1.3,750,975
test,PK-1323,POLASH-KITE,AIR PD-RADHIN,PLASTIC JAR WITH ACCESSOREIS,6.8,6.5,750,4875
test,PK-1324,POLASH-KITE,AIR PD-RADHIN,PLASTIC JAR WITH ACCESSOREIS,6.8,6.8,750,5100
test,PK-1325,POLASH-KITE,AIR PD-RADHIN,PLASTIC JAR WITH ACCESSOREIS,6.8,6.6,750,4950
test,PK-1326,POLASH-KITE,AIR PD-RADHIN,PLASTIC JAR WITH ACCESSOREIS,6.8,6.5,750,4875
test,PK-1327,POLASH-KITE,AIR PD-RADHIN,PLASTIC JAR WITH ACCESSOREIS,6.8,6.8,750,5100
test,PK-1328,POLASH-KITE,AIR PD-RADHIN,PLASTIC JAR WITH ACCESSOREIS,6.8,9.5,750,7125
test,PK-1329,POLASH-KITE,AIR PD-RADHIN,PLASTIC JAR WITH ACCESSOREIS,8.1,8.9,750,6675
test,PK-1330,POLASH-KITE,AIR PD-RADHIN,PLASTIC JAR WITH ACCESSOREIS,8.4,8.7,750,6525
test,PK-1331,POLASH-KITE,AIR PD-RADHIN,PLASTIC JAR WITH ACCESSOREIS,2,9,750,6750
test,PK-1332,POLASH-KITE,AIR PD-RADHIN,PLASTIC JAR WITH ACCESSOREIS,9.8,6.3,750,4725
test,PK-1333,BM,BM/DAS BY AIR,MAN SHIRT,37.5,37.5,950,35625
test,PK-1334,BM,BM/DAS BY AIR,MAN SHIRT,74.5,74.6,950,70870
test,PK-1336,ALAMGIR,ALAMGIR,UNDERPANTS,28.5,26.4,950,25080
test,PK-1336B,ALAMGIR,ALAMGIR,UNDERPANTS,28.5,28.4,950,26980
test,PK-1337,ALAMGIR,ALAMGIR,UNDERPANTS,28.5,28.6,950,27170
test,PK-1337B,ALAMGIR,ALAMGIR,UNDERPANTS,28.5,28.7,950,27265
test,PK-1338,SHAHADAT,SHAHADAT/PRODIP KARMAKER,TEA TABLE,43,43.9,830,36437
test,PK-1339,SHAHADAT,SHAHADAT/PRODIP KARMAKER,TEA TABLE,21,21.1,830,17513
test,PK-1340,SHAHADAT,SHAHADAT/PRODIP KARMAKER,TEA TABLE,13.5,13.4,830,11122
test,PK-1341,SHAHADAT,SHAHADAT/PRODIP KARMAKER,TEA TABLE,15,14.7,830,12201
test,PK-1342,SHAHADAT,SHAHADAT/PRODIP KARMAKER,TEA TABLE,15.5,15.2,830,12616
test,PK-1343,SHAHADAT,SHAHADAT/PRODIP KARMAKER,TEA TABLE,18,17.9,830,14857
test,PK-1344,SHAHADAT,SHAHADAT/PRODIP KARMAKER,CHAIR,15,14.9,830,12367
test,PK-1345,SHAHADAT,SHAHADAT/PRODIP KARMAKER,CHAIR,14,14.1,830,11703
test,PK-1346,SHAHADAT,SHAHADAT/PRODIP KARMAKER,TEA TABLE,3.5,3.3,830,2739
test,PK-1347,SHAHADAT,SHAHADAT /PRODIP KARMAKER,BAR CHAIR,5,7.8,830,6474
test,PK-1348,SHAHADAT,SHAHADAT /PRODIP KARMAKER,BAR CHAIR,5,7.2,830,5976
test,PK-1349,SHAHADAT,SHAHADAT /PRODIP KARMAKER,BAR CHAIR,5,7.2,830,5976
test,PK-1350,SHAHADAT,SHAHADAT /PRODIP KARMAKER,BAR CHAIR,5,11.6,830,9628
test,PK-1351,SHAHADAT,SHAHADAT /PRODIP KARMAKER,BAR CHAIR,21.5,11.6,830,9628
test,PK-1352,SHAHADAT,SHAHADAT /PRODIP KARMAKER,BAR CHAIR,11.5,22.1,830,18343
test,PK-1353,SHAHADAT,SHAHADAT /PRODIP KARMAKER,BAR CHAIR,11.5,12.1,830,10043
test,PK-1354,SHAHADAT,SHAHADAT /PRODIP KARMAKER,BAR CHAIR,11.5,18.55,830,15396.5
test,PK-1355,SHAHADAT,SHAHADAT /PRODIP KARMAKER,TABLE,15,18.3,830,15189
test,PK-1356,SHAHADAT,SHAHADAT /PRODIP KARMAKER,TABLE,15,7.8,830,6474
test,PK-1357,SHAHADAT,SHAHADAT /PRODIP KARMAKER,TABLE,14,7.2,830,5976
test,PK-1358,SHAHADAT,SHAHADAT /PRODIP KARMAKER,TABLE,14,10.1,830,8383
test,PK-1359,SHAHADAT,SHAHADAT /PRODIP KARMAKER,TABLE,13.5,10,830,8300
test,PK-1360,SHAHADAT,SHAHADAT /PRODIP KARMAKER,TABLE,13.5,3.9,830,3237
test,PK-1361,SHAHADAT,SHAHADAT /PRODIP KARMAKER,TABLE,13,8,830,6640
test,PK-1362,MISSION,Mission/AFM Medimart,VAPORIZER,22,21.95,740,16243
test,PK-1363,MISSION,Mission/AFM Medimart,VAPORIZER,22,22,740,16280
test,PK-1364,MISSION,Mission/AFM Medimart,VAPORIZER,22,21.9,740,16206
test,PK-1365,MISSION,Mission/AFM Medimart,VAPORIZER,22.3,22.3,740,16502
test,PK-1366,MISSION,Mission/AFM Medimart,VAPORIZER,14.7,14.7,740,10878
test,PK-1367,MISSION,Mission/Shahariar,BATTERY CHARGING AND DISCHARGING INSTRUMENT,10.2,10.2,740,7548
test,PK-1368,MISSION,Mission/Shahariar,BATTERY CHARGING AND DISCHARGING INSTRUMENT,10.2,10.25,740,7585
test,PK-1369,MISSION,Mission/Shahariar,BATTERY CHARGING AND DISCHARGING INSTRUMENT,10.2,10.2,740,7548
test,PK-1370,MISSION,Mission/Khorshed,CONTROL VALVE,2.4,2.45,740,1813
test,PK-1371,MISSION,Mission,IRON TOOTH COMB + COMB,10,9.8,740,7252
test,PK-1372,AZ-RAZZAK,TL N/K,GLASS TEMPLES,24,23.2,1000,23200
test,PK-1373,AZ-RAZZAK,TL N/K,GLASS TEMPLES,24,22.6,1000,22600
test,PK-1374,AZ-RAZZAK,TL N/K,GLASS TEMPLES,24,23.2,1000,23200
test,PK-1375,AZ-RAZZAK,TL N/K,GLASS TEMPLES,24,24.8,1000,24800
test,PK-1376,AZ-RAZZAK,TL N/K,GLASS TEMPLES,24,22.75,1000,22750
test,PK-1377,AZ-RAZZAK,TL N/K,GLASS TEMPLES/BAGS,24,24.6,1000,24600
test,PK-1378,AZ-RAZZAK,TL N/K,GLASS BAGS,24,20.4,1000,20400
test,PK-1379,AZ-RAZZAK,TL N/K,GLASS LENS?COPY),26,25.5,1000,25500
test,PK-1380,AZ-RAZZAK,TL N/K,GLASS LENS?COPY),37.5,36.85,1000,36850
test,PK-1381,AZ-RAZZAK,TL N/K,GLASS LENS?COPY),26.5,26.4,1000,26400
test,PK-1382,MOSARRAF KHAN,J&J/ SAIFUL,MOBILE CASE(COPY HELLO KITTY),24.75,24.9,800,19920
test,PK-1383,MOSARRAF KHAN,J&J/ SAIFUL,MOBILE CASE(COPY HELLO KITTY),24.1,24.25,800,19400
test,PK-1384,MOSARRAF KHAN,J&J/ SAIFUL,MOBILE CASE(COPY HELLO KITTY),25.4,25.6,800,20480
test,PK-1385,MOSARRAF KHAN,J&J/ SAIFUL,MOBILE CASE(COPY HELLO KITTY),24.95,25.1,800,20080
test,PK-1386,MOSARRAF KHAN,J&J/ SAIFUL,MOBILE CASE(COPY HELLO KITTY),25.25,25.4,800,20320
test,PK-1387,MOSARRAF KHAN,J&J/ SAIFUL,MOBILE CASE(COPY HELLO KITTY),25.2,25.5,800,20400
test,PK-1388,MOSARRAF KHAN,J&J/ SAIFUL,MOBILE CASE(COPY HELLO KITTY),25,25.1,800,20080
test,PK-1389,MOSARRAF KHAN,J&J/ SAIFUL,MOBILE CASE(COPY HELLO KITTY),25.6,25.8,800,20640
test,PK-1390,MOSARRAF KHAN,J&J/ SAIFUL,MOBILE CASE(COPY HELLO KITTY),25.15,25.35,800,20280
test,PK-1391,MOSARRAF KHAN,J&J/ SAIFUL,MOBILE CASE(COPY HELLO KITTY),24.7,24.85,800,19880
test,PK-1392,MOSARRAF KHAN,J&J/ SAIFUL,MOBILE CASE(COPY HELLO KITTY),24.7,25.15,800,20120
test,PK-1393,MOSARRAF KHAN,J&J/ SAIFUL,MOBILE CASE(COPY HELLO KITTY),24,24.15,800,19320
test,PK-1394,MOSARRAF KHAN,J&J/ SAIFUL,MOBILE CASE(COPY HELLO KITTY),24.95,25.15,800,20120
test,PK-1395,MOSARRAF KHAN,J&J/ SAIFUL,MOBILE CASE(COPY HELLO KITTY),24.55,24.75,800,19800
test,PK-1396,MOSARRAF KHAN,J&J/ SAIFUL,MOBILE CASE(COPY HELLO KITTY),17.85,18,800,14400
test,PK-1397,MOSARRAF KHAN,J&J/ SAIFUL,MOBILE CASE(COPY HELLO KITTY),24.8,26,800,20800
test,PK-1398,MOSARRAF KHAN,J&J/ SAIFUL,MOBILE CASE(COPY HELLO KITTY),25.45,25.6,800,20480
test,PK-1399,ALI-OFFICE,HR / Alvi/ Opu ,SHOES(COPY?,24,23.45,785,18408.25
test,PK-1399B,ALI-OFFICE,HR / Alvi/ Opu ,SHOES(COPY?,24,24.6,785,19311
test,PK-1400,ALI-OFFICE,HR / Alvi/ Opu ,SHOES(COPY?,24,21.8,785,17113
test,PK-1400B,ALI-OFFICE,HR / Alvi/ Opu ,SHOES(COPY?,23.35,22.65,785,17780.25
test,PK-1401,ALI-OFFICE,HR / Alvi/ Opu ,SHOES(COPY?,24.4,21.35,785,16759.75
test,PK-1401B,ALI-OFFICE,HR / Alvi/ Opu ,SHOES(COPY?,24.4,23.2,785,18212
test,PK-1402,ALI-OFFICE,HR / Alvi/ Opu ,SHOES(COPY?,24.4,24.55,785,19271.75
test,PK-1402B,ALI-OFFICE,HR / Alvi/ Opu ,SHOES(COPY?,24.4,22.6,785,17741
test,PK-1403,ALI-OFFICE,HR / Alvi/ Opu ,SHOES(COPY?,23.5,21.4,785,16799
test,PK-1403B,ALI-OFFICE,HR / Alvi/ Opu ,SHOES(COPY?,23.5,24.55,785,19271.75
test,PK-1404,ALI-OFFICE,HR / Alvi/ Opu ,SHOES(COPY?,23.5,20.9,785,16406.5
test,PK-1404B,ALI-OFFICE,HR / Alvi/ Opu ,SHOES(COPY?,23.5,23.55,785,18486.75
test,PK-1405,ALI-OFFICE,HR / Alvi/ Opu ,SHOES(COPY?,20,22.9,785,17976.5
test,PK-1405B,ALI-OFFICE,HR / Alvi/ Opu ,SHOES(COPY?,17.5,21.4,785,16799
test,PK-1406,ALI-OFFICE,HR / Alvi/ Opu ,SHOES(COPY?,25,24.6,785,19311
test,PK-1406B,ALI-OFFICE,HR / Alvi/ Opu ,SHOES(COPY?,25,23.1,785,18133.5
test,PK-1407,ALI-OFFICE,HR / Alvi/ Opu ,SHOES(COPY?,25,24.25,785,19036.25
test,PK-1407B,ALI-OFFICE,HR / Alvi/ Opu ,SHOES(COPY?,24,20.6,785,16171
test,PK-1450,ALI-OFFICE,FAYSAL/ALI,MEN SLIPPER?COPY),17.4,17.45,785,13698.25
test,PK-1451,ALI-OFFICE,FAYSAL/ALI,MEN SLIPPER?COPY),17.4,16.9,785,13266.5
test,PK-1449,ALI-OFFICE,FAYSAL/ALI,MEN SLIPPER?COPY),17.4,17.65,785,13855.25
test,PK-1449B,ALI-OFFICE,FAYSAL/ALI,MEN SLIPPER?COPY),17.4,17.65,785,13855.25
test,PK-1450,ALI-OFFICE,FAYSAL/ALI,MEN SLIPPER?COPY),17.4,17.65,785,13855.25
test,PK-1450B,ALI-OFFICE,FAYSAL/ALI,MEN SLIPPER?COPY),17.4,16.35,785,12834.75
test,PK-1451,ALI-OFFICE,FAYSAL/ALI,MEN SLIPPER?COPY),16.5,17.4,785,13659
test,PK-1451B,ALI-OFFICE,FAYSAL/ALI,MEN SLIPPER?COPY),16.5,16.9,785,13266.5
test,PK-1452,ALI-OFFICE,FAYSAL/ALI,MEN SLIPPER?COPY),16.5,17.1,785,13423.5
test,PK-1452B,ALI-OFFICE,FAYSAL/ALI,MEN SLIPPER?COPY),16.5,17.15,785,13462.75
test,PK-1408,GIC AIR,GNBD-1,CLEANING MACHINE,20.6,20.55,730,15001.5
test,PK-1409,GIC AIR,GNBD-2,CLEANING MACHINE/PLASTIC ACCESSORIES/ORNAMENTS,20.85,20.8,730,15184
test,PK-1410,GIC AIR,GNBD-3,WATER PIPE,12.5,12.35,730,9015.5
test,PK-1411,GIC AIR,GNBD-4,BAGS,57.8,57.55,750,43162.5
test,PK-1412,GIC AIR,GNBD-5,BAGS,11.3,11.3,750,8475
test,PK-1413,GIC AIR,GNBD-6,ONLINE GOODS-6,24.65,25.9,750,19425
test,PK-1414,GIC AIR,GNBD-7,PLATE/BAG,34.7,34.55,750,25912.5
test,PK-1415,MHM,AAM-204,SWEING MACHINE PARTS,8.76,8.75,740,6475
test,PK-1416,MHM,AAM-208,INFANT SHOES,10.2,10.25,740,7585
test,PK-1417,MHM,AAM-211,PARTS & ACCESSORIES,8.3,8.3,740,6142
test,PK-1418,MHM,AAM-212,INFANT SHOES,9.72,9.7,740,7178
test,PK-1419,MHM,AAM-213,INFANT SHOES,8.02,8,740,5920
test,PK-1420,MHM,AAM-214,PAPER LAMINATING MACHINE,14.5,14.35,740,10619
test,PK-1421,MHM,AAM-215,FLOW METER,14.5,14.3,740,10582
test,PK-1422,MHM,AAM-218,PCB CIRCUIT BOARD,4.06,4.05,740,2997
test,PK-1423,MHM,AAM-219,HUMIDIFIER,4.56,4.55,740,3367
test,PK-1424,MHM,AAM-221,SMALL CROSSBODY BAGS,7.9,7.85,740,5809
test,PK-1425,MHM,AAM-224,INTERCOOLER,6.56,6.56,740,4854.4
test,PK-1426,MHM,AAM-225,LED LIGHT,6.36,6.35,740,4699
test,PK-1427,MHM,AAM-226,SMALL SHOULDER BAG,9.5,9.45,740,6993
test,PK-1428,MHM,AAM-228,CROSSBODY BAGS,18.52,18.9,740,13986
test,PK-1429,MHM,AAM-229,MEN'S SHOES,17.78,17.8,740,13172
test,PK-1430,MHM,AAM-230,MEN'S SHOES,17.58,17.55,740,12987
test,PK-1431,MHM,AAM-234,CUTTING MACHINE,12.1,12.1,740,8954
test,PK-1432,MHM,AAM-236,MEN'S SHOES,22.54,22.5,740,16650
test,PK-1433,MHM,AAM-237,CAR PARTS,5.62,5.25,740,3885
test,PK-1434,MHM,AAM-238,FAN,13.5,13.4,740,9916
test,PK-1435,MHM,AAM-240,SHOES,6.28,6.3,740,4662
test,PK-1436,MHM,AAM-241,CROSSBODY BAGS,9.15,9.1,740,6734
test,PK-1437,MHM,AAM-644,ONLINE GOODS-5,32.06,32.05,740,23717
test,PK-1438,MHM,AAM-651,ONLINE GOODS-9,31.8,31.6,740,23384
test,PK-1439,MHM,AAM-653,ONLINE GOODS-26,31.2,31.25,740,23125
test,PK-1440,MHM,AAM-654,ONLINE GOODS-9,23.5,23.2,740,17168
test,PK-1441,MHM,AAM-656,ONLINE GOODS-11,41.8,41.75,740,30895
test,PK-1442,MHM,AAM-657,ONLINE GOODS-16,26.58,26.6,740,19684
test,PK-1443,MHM,AAM-659,ONLINE GOODS-16,32.82,32.75,740,24235
test,PK-1444,MHM,AAM-660,ONLINE GOODS-10,31.8,31.75,740,23495
test,PK-1445,MHM,AAM-661,ONLINE GOODS-9,26.8,26.8,740,19832
test,PK-1446,MHM,AAM-662,ONLINE GOODS-20,39.3,39.35,740,29119
test,PK-1447,MHM,AAM-663,MEN'S SHOES,23.2,23.25,740,17205
test,PK-1447,MHM,AAM-664,MEN'S SHOES,21.8,21.7,740,16058
test,PK-1448,MHM,AAM-665,MEN'S SHOES,21.9,21.95,740,16243
test,PK-7110,JAHID,AW,HOTPLATE ,9,9.1,730,6643
test,PK-7111,JAHID,AW,DISPENSER ,10,10.2,730,7446
test,PK-7112,JAHID,AW,DENTAL CUSP GLUE,7.8,7.7,730,5621
test,PK-7113,JAHID,AW,SIGNAL REPEATER / ANTENNA/CABLE,2.8,2.8,730,2044
test,PK-7114,JAHID,AW,FREQUENCY INVERTER,25,25.1,730,18323
test,PK-7115,JAHID,AW,SIGNAL REPEATER / ANTENNA/CONNECTOR,20,19.8,730,14454
test,PK-7116,JAHID,AW,SIGNAL REPEATER / ANTENNA/CONNECTOR,14.6,14.6,730,10658
test,PK-7117,JAHID,AW,DOLLS,9,8.8,730,6424
test,PK-7118,JAHID,AW,REMOTE CONTROL,20.6,20.6,730,15038
test,PK-7119,JAHID,AW,REMOTE CONTROL,20.6,20.6,730,15038
test,PK-7120,JAHID,AW,REMOTE CONTROL,20.6,20.6,730,15038
test,PK-7121,JAHID,AW,REMOTE CONTROL,20.6,20.6,730,15038
test,PK-7122,JAHID,AW,REMOTE CONTROL,4.4,4.3,730,3139
test,PK-7123,JAHID,AW,32 INCH TV CABINET,3.2,3.1,730,2263
test,PK-7124,JAHID,AW,43-INCH TV CABINET,5.2,5.2,730,3796
test,PK-7125,JAHID,AW,43-INCH TV CABINET,6.2,6.3,730,4599
test,PK-7126,JAHID,AW,50 INCH TV CABINET,12.6,12.4,730,9052
test,PK-7127,JAHID,AW,SHOES/BAG,7.8,7.8,730,5694
test,PK-7128,JAHID,AW,CHARGER,24.8,24.9,730,18177
test,PK-7129,JAHID,AW,CHARGER,25,24.9,730,18177
test,PK-7130,JAHID,AW,CHARGER,17.4,17.4,730,12702
test,PK-7131,JAHID,AW,CABLE,10.4,10.3,730,7519
test,PK-7132,JAHID,AW,DIGITAL 32 CHANNEL EEG MACHINE,5.4,5.2,730,3796
test,PK-7133,JAHID,AW,MUSCLE OF HUMAN ARM,3.7,3.8,730,2774
test,PK-7134,JAHID,AW,MUSCLE OF HUMAN LEG,8,7.9,730,5767
test,PK-7135,JAHID,AW,FUNCTION GENERATOR,4.2,4.3,730,3139
test,PK-7136,JAHID,AW,"DEVELOPMENT BOARD/FUNCTION SIGNAL GENERATOR/
DIGITAL OSCILLOSCOPE",4.4,4.5,730,3285
test,PK-7137,JAHID,AW,SENSOR/THERMOCOUPLE/HYDRAULIC VALVE,8,8.2,730,5986
test,PK-7138,JAHID,AW,SIGNAL REPEATER / ANTENNA/CONNECTOR,10,10,730,7300
test,PK-7139,JAHID,AW,ALUMINUM FOIL,25.8,25.8,730,18834
test,PK-7140,JAHID,AW,ENCODER 3/PROPORIONAL VALVE 2/REDUCER 1,14.6,14.4,730,10512
test,PK-7141,JAHID,AW,FREQUENCY INVERTER,17.8,17.7,730,12921
test,PK-7142,JAHID,AW, SLIPPER,22.2,22.2,730,16206
test,PK-7143,JAHID,AW,LADY HANDBAGS/VALVES,5.4,5.4,730,3942
test,PK-7144,JAHID,AW,HAND FAN,8,8,730,5840
test,PK-7145,JAHID,AW, POWER SUPPLY/OSCILLOSCOPE CLIP PROBES/BGA DESOLDERING WIRE,20.2,20.2,730,14746
test,PK-7146,JAHID,AW, WAVEFORM GENERATOR,9.6,9.6,730,7008
test,PK-7147,JAHID,AW,OSCILLOSCOPE,9.2,9.3,730,6789
test,PK-7148,JAHID,AW,PROGRAMMER/SIGNAL GENERATOR/ADAPTER,9.2,9.2,730,6716
test,PK-7149,JAHID,AW," SOLDERING IRON TIP /OSCILLOSCOPE/
APPLE MACBOOK DIRECTLY READ & UNLOCK BIOS TOOLS KIT ",13.6,14,730,10220
test,PK-7150,JAHID,AW,PORTABLE SOLDERING STATION/CHIP/PROGRAMMER ,10.4,10.3,730,7519
test,PK-7151,JAHID,AW,REARVIEW MIRROR,14,14.4,730,10512
test,PK-7152,JAHID,AW,SHOES ,17.8,17.4,730,12702
test,PK-7153,JAHID,AW,SHOES ,17.2,17.2,730,12556
test,PK-7154,JAHID,AW,SHOES ,34.4,32.4,730,23652
test,PK-7155,JAHID,AW,LADIES BAG,5.8,5.7,730,4161
test,PK-7156,JAHID,AW,FREQUENCY INVERTER,18,18,730,13140
test,PK-7157,JAHID,AW,LAMP,2.8,1.8,730,1314
test,PK-7158,JAHID,AW,COOKER ,7.6,7.6,730,5548
test,PK-7159,JAHID,AW,FILM,17,17,730,12410
test,PK-7160,JAHID,AW,FLAT PANEL DETECTOR,3.8,13.7,730,10001
test,PK-7161,JAHID,AW,SEAL RING 20/ ASSEMBLY 20/ FILTER 20,100.5,101.4,730,74022
test,PK-7162,JAHID,AW,LAMP,40,38.6,730,28178
test,PK-7163,JAHID,AW,PAPER ROLL ,36,34.4,730,25112
